id,gradient,synflow,iou,dice,accuracy,dice crossentropy,real_codification,binary_codification
60_AGI5LJUJ5YYBCD7HRZZ5M4VOWLB4GRY_146,12.5842267212,10.4220075222,0.268530011177063,0.4582585096359253,0.1728914380073547,0.3057706356048584,"[0.28, 0.34, 0.11, 0.74, 0.34, 0.41, 0.51, 0.1, 0.34, 0.11, 0.1, 0.68, 0.51, 0.01, 0.1, 0.01, 0.01, 0.56, 0.34, 0.01, 0.51, 0.83, 0.68, 0.21, 0.65, 0.34, 0.81, 0.51, 0.65, 0.68, 0.91, 0.28, 0.34, 0.81, 0.51, 0.46, 0.34, 0.91, 0.28, 0.34, 0.41, 0.01, 0.1, 0.68, 0.01, 0.74, 0.01, 0.51]",01100100011101010110100110100010011110111000110000000100010000111111100111100011100111001111010110011100101010111010110010110000111100001101000111
61_2BCQHANBYUDEZ7U2T7E5K_104,13.6575462405,14.488854505,0.2492138743400573,0.429416298866272,0.1436144709587097,0.2862274050712585,"[0.74, 0.01, 0.11, 0.01, 0.34, 0.01, 0.01, 0.37, 0.01, 0.01, 0.74, 0.01, 0.21, 0.51, 0.01, 0.34, 0.01, 0.28, 0.34, 0.21, 0.01, 0.37, 0.68, 0.91, 0.1, 0.34, 0.71, 0.51, 0.83, 0.68, 0.31, 0.37, 0.34, 0.61]",11010000010001010000001110000001101000011100010100000110010011001111111010011010100111111100100111010101
62_OGKNMBELKMDRJOASV3MTE_104,13.3971858687,12.0958124725,0.2946964502334595,0.4950348138809204,0.2114557027816772,0.3328276872634887,"[0.37, 0.01, 0.41, 0.46, 0.01, 0.91, 0.01, 0.65, 0.01, 0.31, 0.56, 0.34, 0.41, 0.51, 0.56, 0.68, 0.01, 0.37, 0.01, 0.61, 0.01, 0.46, 0.68, 0.01, 0.19, 0.34, 0.61, 0.01, 0.92, 0.68, 0.41, 0.56, 0.68, 0.31]",01110001100101001101011000000100100010110101001100000111000101001011100000010010101011101101100100110010
63_IRZ5CKMKLUSU5WVCCI23Y_104,13.5577802526,12.146821538,0.2640492916107178,0.4305081367492676,0.1367586255073547,0.2854616641998291,"[0.56, 0.34, 0.11, 0.65, 0.68, 0.91, 0.01, 0.19, 0.34, 0.71, 0.65, 0.34, 0.71, 0.51, 0.37, 0.34, 0.31, 0.46, 0.34, 0.21, 0.51, 0.28, 0.68, 0.61, 0.56, 0.34, 0.01, 0.51, 0.19, 0.01, 0.91, 0.28, 0.68, 0.81]",01000100011100111101000100101001100010100101110100100101010011101101101010100010000100100011010110111100
64_AMZGD7E2QPWEI3RJZHKHPRCZPGLBRBQ_146,14.3551067122,13.7793492351,0.2738874554634094,0.4664540290832519,0.1807238459587097,0.3115869760513305,"[0.65, 0.68, 0.31, 0.28, 0.01, 0.51, 0.51, 0.92, 0.34, 0.21, 0.46, 0.01, 0.11, 0.51, 0.92, 0.68, 0.11, 0.01, 0.01, 0.41, 0.51, 0.65, 0.34, 0.71, 0.92, 0.34, 0.21, 0.51, 0.46, 0.01, 0.51, 0.37, 0.68, 0.11, 0.01, 0.19, 0.68, 0.31, 0.83, 0.01, 0.81, 0.51, 0.28, 0.01, 0.41, 0.19, 0.01, 0.41]",11001100100110000111111100100110101000001111101100010001000110111000101001110010011101010001110111110001000101100101111001100101100001100010000110
65_AEDGBBNJRLKQOS3YRFIS2UBA6G3MKRY_146,11.8895418593,9.8573540321,0.2676766514778137,0.4520654678344726,0.1726323366165161,0.2973285317420959,"[0.56, 0.01, 0.41, 0.28, 0.01, 0.31, 0.01, 0.19, 0.68, 0.61, 0.1, 0.01, 0.61, 0.01, 0.74, 0.34, 0.71, 0.01, 0.68, 0.71, 0.51, 0.28, 0.68, 0.81, 0.56, 0.34, 0.31, 0.51, 0.56, 0.34, 0.31, 0.74, 0.34, 0.71, 0.01, 0.01, 0.01, 0.11, 0.92, 0.01, 0.91, 0.51, 0.28, 0.68, 0.11, 0.46, 0.01, 0.51]",01000001100110000010000101101010011000101011010101000001110100101101111000100010010101000100101101010100000010000011110001101101101100010101000111
66_DWKTOBFCDE6R4OQ3S5IVI_104,13.3055061594,9.1189777808,0.2565939426422119,0.4340232610702514,0.1557317972183227,0.2819432020187378,"[0.01, 0.68, 0.41, 0.46, 0.34, 0.21, 0.01, 0.92, 0.01, 0.31, 0.46, 0.01, 0.71, 0.01, 0.28, 0.34, 0.21, 0.74, 0.01, 0.51, 0.51, 0.01, 0.68, 0.71, 0.1, 0.34, 0.81, 0.51, 0.37, 0.34, 0.71, 0.46, 0.34, 0.71]",00011101100101010011011100000100101000100001100100111101000111100011101000011011100101110101000101010100
67_AEKPIPULBFGIYS7GQDMTKXSGMARDJ7I_146,14.6267197353,15.28706901,0.2781553268432617,0.4680458307266235,0.1761001348495483,0.3165860176086426,"[0.56, 0.34, 0.71, 0.83, 0.34, 0.01, 0.51, 0.83, 0.34, 0.11, 0.28, 0.01, 0.71, 0.51, 0.56, 0.68, 0.31, 0.1, 0.01, 0.71, 0.51, 0.37, 0.68, 0.21, 0.56, 0.01, 0.11, 0.51, 0.28, 0.34, 0.21, 0.46, 0.34, 0.51, 0.51, 0.19, 0.01, 0.81, 0.65, 0.01, 0.11, 0.01, 0.19, 0.01, 0.91, 0.1, 0.68, 0.91]",01000101001111010000111110100010110000100101001100100011000100101111100110100000001101100100110101010111100100011001100000001000100011010011111101
68_ANLTDLTCFNAUWO5NXILSYH5O73BUHVI_146,13.5107904931,12.7334846086,0.2592233419418335,0.4449942111968994,0.1646205186843872,0.297930359840393,"[0.74, 0.34, 0.51, 0.1, 0.01, 0.41, 0.51, 0.37, 0.01, 0.81, 0.56, 0.34, 0.61, 0.51, 0.56, 0.01, 0.61, 0.19, 0.68, 0.21, 0.51, 0.37, 0.34, 0.41, 0.74, 0.68, 0.71, 0.01, 0.46, 0.68, 0.31, 0.65, 0.01, 0.51, 0.51, 0.74, 0.34, 0.91, 0.83, 0.68, 0.41, 0.01, 0.1, 0.34, 0.01, 0.83, 0.34, 0.61]",11010101110011000110101110011000100010101101000001010010110011101110101101101110100001011100101100000111111010111011111110110000110100001111010101
69_DQPUN2PZPXC576EPS5ANO_104,14.0856665991,7.0101969516,0.269736647605896,0.4349775314331054,0.1790497303009033,0.2643259763717651,"[0.01, 0.68, 0.01, 0.37, 0.68, 0.71, 0.01, 0.74, 0.68, 0.71, 0.83, 0.68, 0.31, 0.51, 0.83, 0.34, 0.81, 0.46, 0.68, 0.51, 0.51, 0.83, 0.68, 0.11, 0.01, 0.68, 0.81, 0.51, 0.37, 0.34, 0.01, 0.1, 0.34, 0.51]",00011100000111110100011011101001111110010111110111000101110111111111100010001111100101110100000011010111
70_AD6X2HUZ4UY3KUPC4AYG6U4CMYIQYVQ_146,12.8203565268,9.9064638806,0.2520635724067688,0.4297285079956054,0.1498525142669677,0.2822723388671875,"[0.1, 0.68, 0.91, 0.37, 0.68, 0.71, 0.01, 0.83, 0.34, 0.21, 0.1, 0.68, 0.31, 0.51, 0.1, 0.01, 0.41, 0.74, 0.34, 0.61, 0.01, 0.1, 0.68, 0.11, 0.37, 0.01, 0.01, 0.01, 0.65, 0.01, 0.41, 0.83, 0.34, 0.71, 0.51, 0.65, 0.01, 0.71, 0.65, 0.68, 0.01, 0.51, 0.01, 0.01, 0.21, 0.01, 0.34, 0.41]",00111111010111110100011110100110011110010100110001101101010101000111100010111000000011000001101111010100111000001001100110000100010000110001010110
71_342R6ITAPE2QPOJQEXIZK_104,14.9156274641,10.6650320106,0.2378953695297241,0.395110011100769,0.0866150856018066,0.2754849791526794,"[0.74, 0.68, 0.81, 0.74, 0.34, 0.11, 0.51, 0.92, 0.34, 0.11, 0.1, 0.01, 0.01, 0.51, 0.92, 0.34, 0.21, 0.46, 0.01, 0.11, 0.51, 0.74, 0.68, 0.31, 0.28, 0.01, 0.11, 0.01, 0.46, 0.68, 0.71, 0.28, 0.34, 0.61]",11011111001101010001111100100010011000000111100100110101000001111011100100110000001001011101000110010101
73_MS6HDYSYTAXRZKLOBYP3A_104,11.8627597052,10.794255247,0.2761602401733398,0.4688481092453003,0.1823979616165161,0.3140536546707153,"[0.28, 0.34, 0.31, 0.83, 0.01, 0.51, 0.01, 0.1, 0.68, 0.11, 0.19, 0.68, 0.11, 0.01, 0.28, 0.01, 0.31, 0.83, 0.01, 0.51, 0.01, 0.46, 0.34, 0.31, 0.74, 0.68, 0.01, 0.01, 0.92, 0.01, 0.51, 0.92, 0.68, 0.01]",01100100101111000111000111100010010110001001100000101111000111001010100101101110000011100001111110110000
74_OSFURGXGBTJ4HKXGMU37K_104,13.0777604813,11.2536201655,0.2758595943450928,0.4692331552505493,0.1902702450752258,0.3140676021575928,"[0.37, 0.34, 0.31, 0.19, 0.68, 0.71, 0.51, 0.01, 0.01, 0.91, 0.37, 0.01, 0.81, 0.01, 0.1, 0.01, 0.91, 0.1, 0.68, 0.01, 0.51, 0.74, 0.34, 0.61, 0.65, 0.68, 0.21, 0.01, 0.46, 0.01, 0.91, 0.83, 0.68, 0.61]",01110100100010110100100010011010111001100000110011010011110000111010101011100110011001010011011111110101
75_ZTH4CZB2HEY573XK5QOYY_104,12.9574511451,10.766053665,0.2811218500137329,0.4645202159881592,0.1738480329513549,0.3162379264831543,"[0.65, 0.68, 0.21, 0.1, 0.68, 0.81, 0.01, 0.19, 0.68, 0.31, 0.01, 0.68, 0.71, 0.01, 0.92, 0.34, 0.21, 0.01, 0.68, 0.51, 0.51, 0.83, 0.34, 0.91, 0.74, 0.34, 0.51, 0.01, 0.65, 0.01, 0.51, 0.28, 0.01, 0.81]",11001100110011111100000101100100001110100011100100110001110111111110111011101010111011000001110110001100
76_D5GTTGDA2ECAFCX6AYM4E_104,11.7428473042,11.3909495499,0.270827054977417,0.4607219099998474,0.1815808415412902,0.3078401684761047,"[0.01, 0.68, 0.91, 0.1, 0.34, 0.21, 0.51, 0.1, 0.01, 0.81, 0.1, 0.01, 0.11, 0.51, 0.56, 0.34, 0.01, 0.56, 0.01, 0.01, 0.51, 0.56, 0.34, 0.61, 0.83, 0.68, 0.01, 0.01, 0.28, 0.01, 0.41, 0.37, 0.01, 0.31]",00011111010011010011100110011000011000001101000100000100000000101000101011111110000001100001100111000010
77_NSMM7GMCLTGFASLOZUDTE_104,14.3858226502,11.7507839684,0.2781983613967895,0.4682513475418091,0.1773158311843872,0.3164331316947937,"[0.28, 0.68, 0.31, 0.28, 0.01, 0.81, 0.51, 0.83, 0.01, 0.81, 0.65, 0.01, 0.71, 0.51, 0.37, 0.01, 0.81, 0.65, 0.34, 0.71, 0.01, 0.19, 0.34, 0.31, 0.74, 0.68, 0.41, 0.01, 0.74, 0.01, 0.11, 0.65, 0.68, 0.31]",01101100100110001100111110011001100000100101110011001100010100000100100101101110110011010000011100110010
78_APZV2RXJQ7GVSGUMXOF4G45J4BJXJUQ_146,12.694474251,11.4933507492,0.2498430013656616,0.4305191040039062,0.1457868218421936,0.2881339788436889,"[0.83, 0.68, 0.21, 0.46, 0.68, 0.61, 0.01, 0.1, 0.34, 0.91, 0.1, 0.01, 0.21, 0.51, 0.65, 0.68, 0.61, 0.28, 0.34, 0.11, 0.51, 0.46, 0.01, 0.41, 0.46, 0.68, 0.51, 0.01, 0.19, 0.68, 0.81, 0.1, 0.34, 0.81, 0.51, 0.74, 0.34, 0.21, 0.65, 0.01, 0.31, 0.51, 0.1, 0.34, 0.91, 0.1, 0.34, 0.31]",11111100110101110101000110111010011000011111001101010110010001101010001100101110111000101111000011011100111010100111100000010100110111010011010010
79_PT6GPONO6RCURWITRUMZC_104,14.7118040716,7.9074556702,0.261298656463623,0.4475181102752685,0.162488043308258,0.2993232011795044,"[0.37, 0.68, 0.21, 0.83, 0.01, 0.41, 0.01, 0.83, 0.34, 0.81, 0.74, 0.34, 0.91, 0.51, 0.74, 0.01, 0.71, 0.46, 0.34, 0.31, 0.01, 0.28, 0.68, 0.31, 0.19, 0.34, 0.81, 0.01, 0.74, 0.01, 0.41, 0.28, 0.34, 0.11]",01111100111111000110011110111001101011101111010001000101010010001101100100010011100011010001100110010001
80_I56VPIGOBR3N42VCR5CHC_104,13.5318966161,10.8012899072,0.2594932317733764,0.4399275779724121,0.1461455821990966,0.2976216673851013,"[0.56, 0.34, 0.91, 0.83, 0.34, 0.61, 0.01, 0.83, 0.34, 0.01, 0.28, 0.34, 0.81, 0.01, 0.1, 0.01, 0.51, 0.28, 0.68, 0.51, 0.51, 0.1, 0.34, 0.61, 0.56, 0.34, 0.71, 0.01, 0.83, 0.34, 0.11, 0.01, 0.68, 0.11]",01000111011111010101011110100000110011100000110001110110110111100110101010100010100011110100010001110001
81_AD3PDCVSXLA7OQVGNGE4EXPCPJJNWBI_146,12.7583834239,8.859366709,0.2879676818847656,0.4841246604919433,0.2028459906578064,0.3266133069992065,"[0.1, 0.68, 0.41, 0.83, 0.01, 0.41, 0.01, 0.46, 0.34, 0.41, 0.46, 0.34, 0.91, 0.01, 0.65, 0.01, 0.51, 0.74, 0.68, 0.71, 0.01, 0.46, 0.34, 0.21, 0.1, 0.34, 0.21, 0.01, 0.19, 0.34, 0.81, 0.19, 0.34, 0.51, 0.01, 0.83, 0.01, 0.71, 0.83, 0.34, 0.31, 0.51, 0.19, 0.68, 0.41, 0.65, 0.01, 0.61]",00111101101111000110001010101100101011101011000001111101110100001010100110011010011000100111000010010111011110001001111010010100101101101100000101
82_ACYVOYRBAASJABRILDGF6SW2NDSQLQI_146,11.5959483189,14.0238312921,0.2615467309951782,0.4489966630935669,0.1637436151504516,0.29953533411026,"[0.19, 0.68, 0.11, 0.46, 0.34, 0.91, 0.51, 0.01, 0.01, 0.71, 0.19, 0.01, 0.01, 0.01, 0.19, 0.34, 0.31, 0.56, 0.01, 0.01, 0.01, 0.65, 0.34, 0.71, 0.19, 0.68, 0.11, 0.51, 0.1, 0.01, 0.61, 0.83, 0.34, 0.31, 0.51, 0.28, 0.68, 0.71, 0.74, 0.01, 0.51, 0.01, 0.46, 0.01, 0.11, 0.37, 0.01, 0.11]",00101100010101011101100010001000010000000000100100100100000000011000101000010110001100110001011111010010101101101001101000111001010000010111000001
83_AGA42XV2PLTRJSXOTCOHGNRCW6X46MI_146,14.4619812047,8.1833010999,0.3556250333786011,0.5325255990028381,0.1880779266357422,0.388806939125061,"[0.28, 0.01, 0.11, 0.65, 0.68, 0.61, 0.01, 0.83, 0.34, 0.51, 0.56, 0.68, 0.91, 0.01, 0.92, 0.34, 0.81, 0.46, 0.01, 0.81, 0.51, 0.46, 0.68, 0.51, 0.56, 0.68, 0.11, 0.01, 0.37, 0.01, 0.51, 0.1, 0.01, 0.91, 0.51, 0.01, 0.01, 0.61, 0.28, 0.68, 0.91, 0.01, 0.83, 0.68, 0.21, 0.65, 0.68, 0.11]",01100000011100110101011110101110100111101011100111000101001100101011101110100110001001110001110011001101100010001010110111101011111100111100110001
84_GRKCBLFZT5PRD2VWIHB3G_104,12.6097747421,12.0964026839,0.2557821869850158,0.4392898082733154,0.1524633169174194,0.292874813079834,"[0.1, 0.34, 0.11, 0.46, 0.01, 0.31, 0.01, 0.01, 0.34, 0.41, 0.46, 0.68, 0.21, 0.01, 0.37, 0.68, 0.61, 0.83, 0.01, 0.71, 0.01, 0.83, 0.34, 0.61, 0.28, 0.68, 0.31, 0.01, 0.01, 0.68, 0.01, 0.92, 0.68, 0.21]",00110100010101000010000010101100101110011001111101011111000100011110101010110110010000011100001110110011
85_AB653JUDNFWQW3XY5ACVCD5KX2LEPXA_146,13.242035849173783,10.69126392824206,0.2674726247787475,0.4521729350090027,0.1588608026504516,0.3054100275039673,"[0.01, 0.68, 0.91, 0.74, 0.68, 0.41, 0.51, 0.1, 0.34, 0.01, 0.28, 0.68, 0.71, 0.51, 0.28, 0.68, 0.71, 0.19, 0.68, 0.41, 0.51, 0.74, 0.68, 0.81, 0.37, 0.34, 0.01, 0.01, 0.01, 0.34, 0.61, 0.01, 0.01, 0.21, 0.51, 0.74, 0.34, 0.61, 0.37, 0.68, 0.71, 0.51, 0.28, 0.34, 0.11, 0.83, 0.34, 0.81]",00011111011101110110100110100000110110100101101101000010110110111011111000111010000000010101010001000011111010101010111110100101100100011111011100
86_KH4MOOUOKPCEDYYQLQCXI_104,15.441739016910777,11.576353946413512,0.2669048309326172,0.4475452899932861,0.1656967401504516,0.2958815693855285,"[0.46, 0.01, 0.51, 0.92, 0.01, 0.81, 0.01, 0.92, 0.34, 0.91, 0.56, 0.34, 0.81, 0.51, 0.56, 0.68, 0.81, 0.56, 0.34, 0.01, 0.01, 0.83, 0.01, 0.41, 0.19, 0.01, 0.31, 0.51, 0.65, 0.01, 0.11, 0.46, 0.68, 0.71]",01010001111110001100011100111010100011100101001111000100010000011110001100010000010111000000010101110100
87_AB3H6LDO4X2BYZ4CXAEHEXRBGC6FSVQ_146,13.090667193839858,7.824831834828242,0.2660660743713379,0.4301943778991699,0.1833147406578064,0.2602695226669311,"[0.01, 0.68, 0.41, 0.37, 0.68, 0.81, 0.51, 0.28, 0.01, 0.91, 0.74, 0.68, 0.31, 0.51, 0.83, 0.34, 0.01, 0.37, 0.01, 0.41, 0.01, 0.83, 0.01, 0.11, 0.46, 0.68, 0.01, 0.01, 0.19, 0.01, 0.51, 0.19, 0.34, 0.51, 0.51, 0.01, 0.01, 0.31, 0.28, 0.01, 0.61, 0.51, 0.65, 0.34, 0.41, 0.46, 0.34, 0.41]",00011101100111111100101100011011101110010111110100000111000110011110000010101110000000100001110010010111100010000100110000101111000101100101010110
88_AFCWAOA3PIPXKU4B725T4B7CCB65LUI_146,14.218103879772007,9.565309975930155,0.2560477256774902,0.4384332299232483,0.1510682106018066,0.2939893007278442,"[0.46, 0.01, 0.61, 0.28, 0.01, 0.01, 0.51, 0.65, 0.01, 0.21, 0.28, 0.68, 0.91, 0.01, 0.01, 0.68, 0.91, 0.74, 0.34, 0.61, 0.01, 0.37, 0.01, 0.01, 0.83, 0.68, 0.91, 0.01, 0.92, 0.68, 0.21, 0.92, 0.01, 0.11, 0.51, 0.83, 0.01, 0.71, 0.19, 0.01, 0.21, 0.51, 0.74, 0.68, 0.61, 0.37, 0.34, 0.11]",01010001010110000000111000000110110111101000011111011101010101001110000001111111101011101100111110000001111110001000010000011111011101010111010001
89_JSGRVYDLQVOU57RCJ7I4O_104,13.005706379404517,12.031256911936412,0.2789745926856994,0.4667576551437378,0.1877591013908386,0.3088733553886413,"[0.56, 0.68, 0.31, 0.1, 0.34, 0.11, 0.51, 0.46, 0.68, 0.01, 0.1, 0.34, 0.51, 0.01, 0.01, 0.34, 0.61, 0.74, 0.34, 0.21, 0.51, 0.37, 0.68, 0.81, 0.56, 0.34, 0.31, 0.01, 0.83, 0.68, 0.71, 0.37, 0.01, 0.51]",01001100100011010001101011100000011010111000010101011101010011101111111000100010010011111101000111000111
90_ABBRCXHBMESMOGUOFH4N3S4CD3RFLVA_146,14.32619882229689,15.102451187632637,0.2772727608680725,0.4632819294929504,0.1669124364852905,0.3153460025787353,"[0.01, 0.01, 0.21, 0.01, 0.01, 0.61, 0.01, 0.92, 0.34, 0.81, 0.19, 0.68, 0.01, 0.51, 0.19, 0.34, 0.21, 0.01, 0.68, 0.11, 0.51, 0.46, 0.01, 0.51, 0.01, 0.34, 0.21, 0.51, 0.92, 0.01, 0.91, 0.74, 0.68, 0.31, 0.51, 0.65, 0.01, 0.71, 0.1, 0.68, 0.51, 0.01, 0.19, 0.34, 0.61, 0.37, 0.34, 0.71]",00010000110001000101011100111000010110000100100100110001110001101010001110001010011111100011011101110010111000001000011110111000100101010111010100
91_LUEQ7AF3WQJDDGVIZUGF2_104,14.222013294216776,11.134716525245809,0.2549223303794861,0.4379026889801025,0.1511479616165161,0.2918299436569214,"[0.46, 0.68, 0.71, 0.19, 0.34, 0.01, 0.51, 0.83, 0.01, 0.01, 0.46, 0.68, 0.51, 0.01, 0.74, 0.01, 0.11, 0.19, 0.01, 0.81, 0.01, 0.65, 0.68, 0.61, 0.46, 0.01, 0.41, 0.01, 0.74, 0.01, 0.21, 0.01, 0.34, 0.91]",01011101000010010000111110000000101110111011010000010010001100011001101010101000110011010000110001011101
92_AFIEKY4ZUJOYOEVCUJPU6B5LC2CMDVA_146,13.177748887245,9.060791992201356,0.2745383977890014,0.4435582160949707,0.1211535334587097,0.3123797178268432,"[0.46, 0.34, 0.01, 0.56, 0.34, 0.61, 0.51, 0.01, 0.68, 0.21, 0.1, 0.34, 0.11, 0.01, 0.46, 0.68, 0.41, 0.01, 0.68, 0.11, 0.01, 0.46, 0.34, 0.11, 0.46, 0.01, 0.71, 0.51, 0.37, 0.68, 0.71, 0.83, 0.01, 0.11, 0.51, 0.74, 0.34, 0.41, 0.19, 0.68, 0.71, 0.01, 0.56, 0.68, 0.01, 0.37, 0.34, 0.71]",01010100000100010101100011100110011010001001011101100001110001001010100010101000100101111101001111000001111010101100010110100001001100000111010100
93_ANDBJ3FSPAIBIE4IMJYNKVTIG6RAOHA_146,13.509843130975469,31.912071394662664,0.2537856101989746,0.4243930578231811,0.1259765625,0.2876660227775574,"[0.74, 0.01, 0.41, 0.01, 0.34, 0.21, 0.51, 0.28, 0.34, 0.41, 0.56, 0.68, 0.81, 0.01, 0.01, 0.01, 0.01, 0.46, 0.01, 0.11, 0.01, 0.37, 0.01, 0.71, 0.1, 0.01, 0.71, 0.51, 0.65, 0.01, 0.91, 0.46, 0.34, 0.61, 0.51, 0.1, 0.34, 0.01, 0.28, 0.68, 0.91, 0.01, 0.19, 0.01, 0.11, 0.65, 0.34, 0.81]",11010001100001010011101100101100100111100000010000000101000001001110001000011000100111000011010101010101100110100000110111101000100000011100011100
94_O5H47OVA2RPRPCISVRNQK_104,14.88924101197398,11.331281615980457,0.2560728192329407,0.4272210597991943,0.1590601205825805,0.2713589668273926,"[0.37, 0.34, 0.91, 0.1, 0.68, 0.81, 0.51, 0.83, 0.34, 0.91, 0.46, 0.01, 0.11, 0.51, 0.46, 0.01, 0.61, 0.83, 0.01, 0.61, 0.51, 0.65, 0.34, 0.31, 0.19, 0.34, 0.61, 0.01, 0.65, 0.34, 0.41, 0.65, 0.01, 0.61]",01110111010011111100111110111010101000001101010001011111000101111000100100010010101011000101101100000101
95_AEG6D7UCAVSXWCY2VDFSOCHABDXQK5I_146,14.191732299909036,9.7773988185945,0.2567342519760132,0.4178600907325744,0.1670719385147094,0.2501975297927856,"[0.56, 0.01, 0.91, 0.92, 0.01, 0.51, 0.51, 0.83, 0.34, 0.01, 0.56, 0.01, 0.31, 0.51, 0.28, 0.34, 0.61, 0.92, 0.68, 0.01, 0.51, 0.28, 0.01, 0.91, 0.46, 0.34, 0.11, 0.51, 0.19, 0.68, 0.31, 0.37, 0.01, 0.31, 0.01, 0.37, 0.01, 0.01, 0.01, 0.01, 0.51, 0.01, 0.83, 0.01, 0.11, 0.46, 0.68, 0.61]",01000011011110000111111110100000100000010101100101011110110000101100011010101010001100101100100111000010001110000000001000111011110000010101110101
96_D4I5CZD22TITESRK3VPZ2_104,13.363325039143463,10.784732948474774,0.2721399068832397,0.4519259333610534,0.1624481678009033,0.3021767139434814,"[0.01, 0.68, 0.81, 0.56, 0.34, 0.91, 0.01, 0.19, 0.68, 0.31, 0.1, 0.68, 0.61, 0.51, 0.46, 0.01, 0.91, 0.01, 0.01, 0.81, 0.51, 0.19, 0.34, 0.71, 0.46, 0.34, 0.41, 0.51, 0.74, 0.34, 0.51, 0.92, 0.34, 0.91]",00011111000100011101000101100100011110101101010011010001001100100100101000101010110111010101111110011101
97_AHJVZRNBAQIQSAE33MFXMR6J4B6FQVQ_146,13.63097845972288,9.796176133366863,0.3559422492980957,0.53419029712677,0.1890146732330322,0.3902832269668579,"[0.37, 0.34, 0.21, 0.46, 0.68, 0.21, 0.01, 0.19, 0.68, 0.71, 0.19, 0.01, 0.31, 0.01, 0.01, 0.01, 0.71, 0.19, 0.34, 0.01, 0.01, 0.01, 0.01, 0.91, 0.92, 0.68, 0.41, 0.01, 0.19, 0.68, 0.51, 0.28, 0.34, 0.11, 0.51, 0.92, 0.34, 0.21, 0.65, 0.01, 0.21, 0.51, 0.65, 0.34, 0.41, 0.01, 0.34, 0.41]",01110100110101110011000101101000010000010000010001000010010000000010011011110110110000101101110110010001111100100111100000011111000101100001010110
98_AGJCAY5SU5SJSQFJXMNVIVV2P3CUXQY_146,13.4965196904263,15.237709382342606,0.2690937519073486,0.4589788913726806,0.1720144748687744,0.3059395551681518,"[0.28, 0.34, 0.31, 0.19, 0.01, 0.11, 0.51, 0.01, 0.68, 0.41, 0.46, 0.34, 0.21, 0.51, 0.28, 0.34, 0.31, 0.28, 0.34, 0.71, 0.01, 0.01, 0.34, 0.71, 0.74, 0.68, 0.41, 0.01, 0.28, 0.68, 0.61, 0.56, 0.34, 0.61, 0.51, 0.46, 0.68, 0.71, 0.83, 0.68, 0.41, 0.01, 0.46, 0.34, 0.31, 0.83, 0.01, 0.21]",01100100100010000001100011101100101010011101100100100110010100000010101001101110110001101101010100010101101011101001111110110001010100101111000011
99_6XD5TZ4ZAXBRBXTIMZDXA_104,13.454780259321913,8.519423514894731,0.2636873722076416,0.4270919561386108,0.1730508804321289,0.257685124874115,"[0.83, 0.34, 0.51, 0.01, 0.68, 0.91, 0.51, 0.1, 0.68, 0.21, 0.65, 0.68, 0.31, 0.01, 0.01, 0.34, 0.81, 0.1, 0.01, 0.71, 0.01, 0.28, 0.68, 0.81, 0.74, 0.01, 0.21, 0.01, 0.28, 0.34, 0.11, 0.74, 0.68, 0.01]",11110101110001111101100111100111100110010000010111000011000100001101111001101000011001100100011101110000
100_EVGB5DOOIVDM7W7CC5IIO_104,15.914171284712143,13.010835619453712,0.2278980612754821,0.3791894912719726,0.1240832209587097,0.2171476483345031,"[0.19, 0.34, 0.61, 0.1, 0.01, 0.11, 0.51, 0.74, 0.01, 0.41, 0.92, 0.34, 0.81, 0.51, 0.01, 0.34, 0.71, 0.28, 0.68, 0.21, 0.51, 0.92, 0.68, 0.51, 0.65, 0.34, 0.01, 0.51, 0.37, 0.34, 0.71, 0.19, 0.01, 0.51]",00100101010011000001111010001101110011100100010101000110110011111101101111100010000101110101000010000111
101_AGOXK2E7BVWMSTYAQ3ICMEO3BZHBP4I_146,15.139674030604963,13.591061623758431,0.2361847162246704,0.3905903697013855,0.1303611397743225,0.2264442443847656,"[0.28, 0.34, 0.91, 0.37, 0.34, 0.61, 0.51, 0.56, 0.34, 0.21, 0.92, 0.01, 0.41, 0.51, 0.28, 0.68, 0.21, 0.19, 0.34, 0.71, 0.51, 0.92, 0.01, 0.01, 0.56, 0.01, 0.91, 0.51, 0.56, 0.01, 0.31, 0.28, 0.01, 0.71, 0.01, 0.92, 0.68, 0.41, 0.01, 0.68, 0.31, 0.01, 0.92, 0.01, 0.61, 0.83, 0.68, 0.11]",01100111010111010101101000100111110000110101101100110010010100111100000000100001101101000000100110000100011101101100001110010011100001011111110001
102_AOLH27VQQDQEOHQE4B6RMHFLUYTU3MQ_146,14.660802693944706,13.160100538715495,0.2252018451690673,0.390640377998352,0.1135004758834838,0.2633072137832641,"[0.92, 0.34, 0.41, 0.37, 0.68, 0.61, 0.51, 0.83, 0.34, 0.41, 0.01, 0.01, 0.01, 0.01, 0.92, 0.01, 0.11, 0.01, 0.68, 0.11, 0.51, 0.65, 0.01, 0.31, 0.37, 0.01, 0.01, 0.51, 0.83, 0.34, 0.11, 0.28, 0.01, 0.51, 0.01, 0.46, 0.34, 0.51, 0.56, 0.68, 0.11, 0.01, 0.37, 0.34, 0.21, 0.28, 0.68, 0.31]",11100101100111110101111110101100001000000011100000010001110001111000000100111000000111110100010110000111001010101110100110001001110100110110110010
103_E45SCJEB6QO4DYNXXTFRE_104,14.166742616238553,12.22307831965388,0.2668520212173462,0.4441640377044678,0.1659159660339355,0.2903428077697754,"[0.19, 0.34, 0.81, 0.92, 0.68, 0.31, 0.01, 0.19, 0.34, 0.31, 0.56, 0.01, 0.21, 0.51, 0.74, 0.01, 0.11, 0.74, 0.68, 0.01, 0.01, 0.83, 0.01, 0.21, 0.28, 0.68, 0.91, 0.51, 0.65, 0.68, 0.31, 0.65, 0.34, 0.31]",00100111001110110010000100100100100000011111010000011101110000011110000110110111101111001100101100010010
104_3T3WPOCKREARNZRWW3C5Y_104,14.746823587977136,10.461620098154178,0.2575308084487915,0.4424768686294555,0.1570472121238708,0.295404314994812,"[0.74, 0.68, 0.21, 0.74, 0.68, 0.41, 0.01, 0.83, 0.34, 0.81, 0.19, 0.34, 0.61, 0.01, 0.19, 0.34, 0.01, 0.01, 0.01, 0.61, 0.51, 0.37, 0.01, 0.81, 0.28, 0.68, 0.61, 0.51, 0.28, 0.68, 0.11, 0.37, 0.34, 0.81]",11011100111101110110011110111000010010101000100100000001000101101110011000110110101101101100010111011100
105_DVHSWBUD3MAQQYFOOZAIA_104,12.728514909104938,12.052221374000776,0.276646614074707,0.4497194290161133,0.1907684803009033,0.2821223735809326,"[0.01, 0.68, 0.61, 0.1, 0.68, 0.31, 0.51, 0.28, 0.01, 0.21, 0.56, 0.01, 0.51, 0.51, 0.28, 0.68, 0.01, 0.01, 0.01, 0.31, 0.01, 0.1, 0.01, 0.11, 0.46, 0.68, 0.21, 0.51, 0.28, 0.34, 0.01, 0.19, 0.01, 0.01]",00011101010011110010101100000110100000111101101100000001000010000110000010101110011101100100000010000000
106_ANCEOSNBB5JXC4IO3LN5OV6DGLDHLAQ_146,13.746848279146972,34.52909166218593,0.2944065928459167,0.4933978319168091,0.2093430757522583,0.3324039578437805,"[0.74, 0.01, 0.71, 0.56, 0.34, 0.91, 0.01, 0.56, 0.68, 0.71, 0.19, 0.01, 0.51, 0.51, 0.46, 0.01, 0.91, 0.65, 0.34, 0.51, 0.01, 0.19, 0.01, 0.51, 0.28, 0.68, 0.61, 0.51, 0.28, 0.68, 0.91, 0.37, 0.34, 0.61, 0.51, 0.92, 0.01, 0.41, 0.28, 0.34, 0.41, 0.01, 0.28, 0.34, 0.91, 0.28, 0.01, 0.31]",11010001000100011101001001101000010000111101010011011100010111000100001110110110101101101111010111010101111100001100110010110001100111010110000010
107_FQDSXDMAHV3HMYVIQEMLY_104,13.182631818148757,13.412598126503031,0.2699213027954101,0.4382878541946411,0.1814811825752258,0.2696810960769653,"[0.19, 0.68, 0.01, 0.01, 0.68, 0.31, 0.51, 0.37, 0.01, 0.41, 0.65, 0.01, 0.01, 0.01, 0.83, 0.34, 0.51, 0.28, 0.34, 0.91, 0.51, 0.1, 0.01, 0.61, 0.46, 0.01, 0.71, 0.01, 0.01, 0.01, 0.41, 0.19, 0.68, 0.81]",00101100000001110010101110001101100000000011110101110110011101100110001010101000100000010001100010111100
108_NSEXHKHAW7LQMIVGDQC7M_104,13.046773817857227,13.21309022887882,0.2564765214920044,0.4356002807617187,0.1546555757522583,0.2876603603363037,"[0.28, 0.68, 0.31, 0.19, 0.34, 0.51, 0.01, 0.37, 0.34, 0.71, 0.37, 0.01, 0.11, 0.01, 0.74, 0.68, 0.91, 0.37, 0.01, 0.11, 0.51, 0.01, 0.01, 0.61, 0.56, 0.68, 0.01, 0.51, 0.65, 0.01, 0.11, 0.37, 0.68, 0.41]",01101100100010010111001110101000111000001011011111010111000001100010001010100110000111000000010111110110
109_AOISCTF25B6DYQNOHKIFI54OX3DRLNY_146,13.87702666464291,11.678155037665531,0.2655337452888489,0.4539402723312378,0.1667131781578064,0.3029094934463501,"[0.92, 0.34, 0.11, 0.19, 0.01, 0.61, 0.01, 0.28, 0.34, 0.51, 0.46, 0.68, 0.71, 0.01, 0.37, 0.68, 0.01, 0.83, 0.01, 0.71, 0.01, 0.1, 0.34, 0.51, 0.01, 0.68, 0.61, 0.01, 0.56, 0.01, 0.61, 0.56, 0.34, 0.91, 0.51, 0.65, 0.34, 0.91, 0.37, 0.68, 0.41, 0.01, 0.37, 0.01, 0.61, 0.28, 0.68, 0.51]",11100100010010000101001100101110101110100001111100001111000100000110101110001110101001000001010100011101111000111010111110110001110001010110110111
110_ADYFDWXCNTRXWQPHX2GGEHNZXKYR77I_146,14.385582630773316,22.214244542997218,0.2823076248168945,0.4772012829780578,0.1911072731018066,0.3205796480178833,"[0.1, 0.68, 0.01, 0.46, 0.01, 0.51, 0.01, 0.74, 0.34, 0.81, 0.56, 0.68, 0.41, 0.01, 0.92, 0.01, 0.91, 0.92, 0.68, 0.71, 0.01, 0.1, 0.68, 0.21, 0.74, 0.68, 0.91, 0.01, 0.1, 0.01, 0.41, 0.19, 0.01, 0.51, 0.01, 0.74, 0.68, 0.21, 0.37, 0.34, 0.61, 0.51, 0.01, 0.01, 0.51, 0.83, 0.68, 0.91]",00111100000101000111011010111000100110110011100011011110110100000111100111101111101000110001100010000111011011100110111010101100010001111111111101
111_AMDBBOF2BJQL3RTCPKMSKBFGPI2NDAY_146,13.624462409992228,12.359743790756234,0.2759374380111694,0.4533660411834717,0.1804249286651611,0.2938261032104492,"[0.65, 0.01, 0.41, 0.01, 0.01, 0.31, 0.51, 0.65, 0.34, 0.51, 0.56, 0.01, 0.61, 0.01, 0.28, 0.01, 0.31, 0.83, 0.34, 0.81, 0.01, 0.65, 0.68, 0.11, 0.1, 0.68, 0.61, 0.01, 0.28, 0.34, 0.31, 0.46, 0.01, 0.11, 0.01, 0.46, 0.01, 0.81, 0.83, 0.34, 0.11, 0.51, 0.56, 0.68, 0.71, 0.28, 0.01, 0.21]",11000001100001000010111000101110100000101001100000101111011100011001100010011110101001100100100101000001001010011001111010001101001101000110000011
112_APBGKBQ3M4WLY2QGVEEANTF6TAOUTUQ_146,12.910549774140614,10.719082998099866,0.2496208548545837,0.4262952804565429,0.1331313848495483,0.2877575159072876,"[0.83, 0.01, 0.31, 0.28, 0.34, 0.71, 0.01, 0.1, 0.01, 0.21, 0.28, 0.68, 0.21, 0.51, 0.19, 0.68, 0.31, 0.83, 0.01, 0.41, 0.51, 0.56, 0.01, 0.21, 0.46, 0.34, 0.31, 0.01, 0.19, 0.01, 0.01, 0.28, 0.68, 0.21, 0.01, 0.46, 0.68, 0.91, 0.1, 0.01, 0.01, 0.51, 0.74, 0.34, 0.31, 0.37, 0.34, 0.31]",11110000100110010100000110000110110110011100101100101111000110101000000110101010010000100000000110110011001011111010011000000111010100100111010010
113_AFAEJYUB7IJQ63YPUY5XDUHJSCIUS5I_146,13.411944270953748,9.496652145645715,0.2748191356658935,0.4629294872283935,0.1801857352256775,0.3075928688049316,"[0.46, 0.01, 0.01, 0.56, 0.34, 0.21, 0.51, 0.01, 0.34, 0.01, 0.1, 0.68, 0.91, 0.01, 0.01, 0.01, 0.81, 0.1, 0.68, 0.41, 0.51, 0.92, 0.01, 0.51, 0.74, 0.01, 0.81, 0.01, 0.92, 0.68, 0.51, 0.01, 0.68, 0.71, 0.01, 0.37, 0.34, 0.21, 0.19, 0.01, 0.71, 0.51, 0.01, 0.34, 0.31, 0.46, 0.68, 0.61]",01010000000100010011100010100000011111101000010011000011110110111100001111101001100011101101110001110100001110100110010000100100010100100101110101
114_AF2RG6RXR5Q7PWFOL3P5KGFA7DS5QXA_146,14.458769049322044,12.118911910796324,0.2836810350418091,0.4793604612350464,0.1935786008834839,0.3218895196914673,"[0.46, 0.68, 0.61, 0.01, 0.01, 0.91, 0.51, 0.74, 0.01, 0.41, 0.83, 0.01, 0.51, 0.51, 0.28, 0.01, 0.51, 0.74, 0.68, 0.91, 0.51, 0.01, 0.34, 0.51, 0.19, 0.68, 0.91, 0.51, 0.37, 0.68, 0.91, 0.46, 0.01, 0.41, 0.01, 0.46, 0.01, 0.11, 0.83, 0.01, 0.51, 0.01, 0.46, 0.68, 0.41, 0.01, 0.34, 0.81]",01011101010001001101111010001101111000111101100001111101111101100010101110010111101101111111010101000110001010000011111000111001011101100001011100
115_E45WVLRGRBSE327QMEB7I_104,14.381647252782772,8.213587019041201,0.3183290362358093,0.5196393728256226,0.2368861436843872,0.3558321595191955,"[0.19, 0.34, 0.81, 0.92, 0.68, 0.41, 0.51, 0.46, 0.34, 0.51, 0.01, 0.01, 0.91, 0.01, 0.19, 0.01, 0.41, 0.56, 0.34, 0.21, 0.01, 0.83, 0.34, 0.51, 0.92, 0.01, 0.21, 0.01, 0.01, 0.01, 0.01, 0.83, 0.68, 0.71]",00100111001110110110101010101110001001101000100001100100010011011110101111110000011000010000001111110100
116_JSI5HGT27BB45RR2I4CXM_104,14.026226201765414,10.720131535580409,0.2644367814064026,0.4417794942855835,0.1673309803009033,0.2865603566169739,"[0.56, 0.68, 0.31, 0.56, 0.34, 0.91, 0.01, 0.37, 0.01, 0.91, 0.1, 0.68, 0.61, 0.51, 0.92, 0.01, 0.71, 0.1, 0.68, 0.21, 0.51, 0.28, 0.01, 0.81, 0.37, 0.34, 0.31, 0.01, 0.37, 0.01, 0.11, 0.46, 0.68, 0.41]",01001100100100011101001110011010011110101111100001000011110011101100011000111010010001110000010101110110
117_6C65P3CDXFSMVWFCG4JZ2_104,15.082671237340868,18.24222792991313,0.2780252695083618,0.4723248481750488,0.1871412396430969,0.3160328865051269,"[0.83, 0.01, 0.31, 0.83, 0.34, 0.91, 0.01, 0.83, 0.68, 0.41, 0.19, 0.01, 0.51, 0.01, 0.92, 0.34, 0.41, 0.56, 0.68, 0.31, 0.51, 0.28, 0.68, 0.11, 0.56, 0.34, 0.11, 0.51, 0.37, 0.01, 0.71, 0.92, 0.34, 0.91]",11110000101111011101011111101100010000111011100101100100110010101101100010100010001101110001001110011101
118_YWEEGLH66XHML67LRVOZI_104,14.166576236849432,7.328878568178753,0.2691655158996582,0.4493046402931213,0.1444913744926452,0.3071369528770447,"[0.65, 0.34, 0.41, 0.19, 0.01, 0.71, 0.01, 0.28, 0.34, 0.41, 0.37, 0.68, 0.91, 0.51, 0.74, 0.34, 0.81, 0.92, 0.68, 0.11, 0.01, 0.83, 0.68, 0.51, 0.74, 0.34, 0.81, 0.01, 0.74, 0.34, 0.51, 0.28, 0.34, 0.71]",11000101100010000100001100101100111111101111010111001110110001011111101111101011100011010101110110010100
119_AGYOBBDA5FYPYLQPUY4NMHOOP6T5LMA_146,13.932211675224632,14.580837459939689,0.2626413702964782,0.4499986171722412,0.1630061864852905,0.300722599029541,"[0.28, 0.68, 0.01, 0.92, 0.01, 0.31, 0.01, 0.19, 0.01, 0.81, 0.01, 0.68, 0.71, 0.51, 0.37, 0.01, 0.21, 0.83, 0.01, 0.31, 0.51, 0.65, 0.01, 0.51, 0.74, 0.01, 0.81, 0.01, 0.92, 0.01, 0.91, 0.28, 0.01, 0.51, 0.01, 0.92, 0.34, 0.81, 0.83, 0.68, 0.91, 0.01, 0.37, 0.68, 0.61, 0.28, 0.68, 0.01]",01101100001110000010000100011000001110100101110000111111000010111000001111101001100011100011010110000111011100111001111111101001111101010110110000
120_AF3UGR5DQ5KHZQ4EN3LUN4FDVZD4ZPI_146,13.771609870796222,10.551102055403453,0.2708318829536438,0.4611007571220398,0.1761997938156128,0.3070329427719116,"[0.46, 0.68, 0.51, 0.56, 0.01, 0.91, 0.01, 0.1, 0.68, 0.71, 0.37, 0.01, 0.21, 0.51, 0.46, 0.34, 0.11, 0.83, 0.01, 0.81, 0.01, 0.37, 0.01, 0.31, 0.1, 0.34, 0.91, 0.51, 0.46, 0.68, 0.71, 0.28, 0.68, 0.81, 0.01, 0.46, 0.01, 0.51, 0.46, 0.68, 0.31, 0.01, 0.37, 0.68, 0.21, 0.19, 0.68, 0.91]",01011101110100001101000111101000111000011101010100011111001100001110000100011011101101011101000110111100001010001110101110010001111100110010111101
121_AND6CAXPM3Y7G2NYLO3UHU6BTAKFBMA_146,15.255120423675717,36.0558442218357,0.2636229991912842,0.4489954710006714,0.1648796200752258,0.3020751476287842,"[0.74, 0.01, 0.51, 0.92, 0.01, 0.71, 0.01, 0.01, 0.34, 0.91, 0.92, 0.68, 0.21, 0.01, 0.83, 0.01, 0.51, 0.65, 0.68, 0.41, 0.51, 0.1, 0.34, 0.81, 0.19, 0.68, 0.51, 0.01, 0.74, 0.68, 0.71, 0.1, 0.68, 0.71, 0.51, 0.92, 0.01, 0.21, 0.1, 0.01, 0.01, 0.51, 0.56, 0.34, 0.71, 0.19, 0.68, 0.01]",11010001111110000100000010111011110110011011110001111100110110100110111000010110111011011101000011110100111100000110011000000101000101000010110000
122_ZV5RF36JCB3VF2URV4I5G_104,14.204700609575893,7.680130081517736,0.2590126395225525,0.4209259152412414,0.1662946343421936,0.2524738311767578,"[0.65, 0.68, 0.61, 0.92, 0.68, 0.11, 0.01, 0.46, 0.68, 0.51, 0.92, 0.34, 0.31, 0.01, 0.56, 0.01, 0.51, 0.37, 0.34, 0.71, 0.51, 0.37, 0.34, 0.61, 0.19, 0.01, 0.91, 0.01, 0.83, 0.01, 0.71, 0.37, 0.34, 0.21]",11001101011110110001001011101111110010010001000001110111010100101110101010010001101011110001000111010011
123_AO6XODQ6MVY3I5QBYJ3SCSRIB2OV65Q_146,14.9969551213817,8.07464352640069,0.2501505613327026,0.4090957045555115,0.1547154188156128,0.2427839040756225,"[0.92, 0.68, 0.91, 0.37, 0.34, 0.81, 0.01, 0.37, 0.01, 0.21, 0.65, 0.68, 0.31, 0.51, 0.37, 0.01, 0.41, 0.74, 0.01, 0.51, 0.01, 0.65, 0.01, 0.01, 0.92, 0.01, 0.71, 0.51, 0.74, 0.68, 0.31, 0.01, 0.34, 0.31, 0.51, 0.01, 0.34, 0.01, 0.01, 0.68, 0.71, 0.51, 0.74, 0.34, 0.51, 0.74, 0.68, 0.41]",11101111010111011100001110000111100110010101110001101101000111011000000001110000100111011100100001010010100010100000001110100111010101111101110110
124_DQLUW2PDO5Z7HO5YIUKNO_104,14.128770186694084,13.178085058248644,0.2363851070404052,0.3908643722534179,0.1335100531578064,0.2266685962677002,"[0.01, 0.68, 0.01, 0.46, 0.68, 0.71, 0.51, 0.28, 0.68, 0.71, 0.83, 0.01, 0.41, 0.51, 0.74, 0.68, 0.51, 0.1, 0.68, 0.81, 0.51, 0.74, 0.68, 0.51, 0.37, 0.01, 0.31, 0.01, 0.46, 0.01, 0.61, 0.1, 0.34, 0.51]",00011100000101110100101101101001111000110111011101110011111100111011101110111000010001010001010011010111
125_AG6BZDXBE4TX2YZLYBPVKWRLVLSDJVI_146,13.757691013861162,10.780948363637712,0.2521610260009765,0.4226604700088501,0.1509885191917419,0.2676215767860412,"[0.28, 0.68, 0.81, 0.01, 0.68, 0.31, 0.01, 0.37, 0.34, 0.81, 0.19, 0.34, 0.21, 0.51, 0.19, 0.34, 0.91, 0.83, 0.34, 0.41, 0.01, 0.28, 0.34, 0.61, 0.92, 0.01, 0.01, 0.51, 0.37, 0.68, 0.61, 0.46, 0.34, 0.41, 0.51, 0.01, 0.34, 0.51, 0.46, 0.34, 0.51, 0.01, 0.56, 0.01, 0.91, 0.1, 0.34, 0.61]",01101111000001110010001110111000010010011100100111011111010110001100101011110000000101111101010101010110100010101110101010111001000011010011010101
126_2EEUDBNLZA35IOAYOM2LK_104,13.678900932438424,27.1650667250708,0.2627227902412414,0.4425659775733948,0.1463648080825805,0.3003201484680176,"[0.74, 0.01, 0.71, 0.19, 0.34, 0.71, 0.01, 0.1, 0.01, 0.31, 0.74, 0.34, 0.51, 0.51, 0.19, 0.01, 0.21, 0.37, 0.68, 0.61, 0.01, 0.01, 0.68, 0.01, 0.1, 0.01, 0.21, 0.51, 0.1, 0.01, 0.91, 0.19, 0.68, 0.61]",11010001000010010100000110000101101010111100100000110111110101000011100000011000011100110011010010110101
127_6T45XBRC2V7TDDXGA4N5O_104,14.7795076287862,9.853631341825322,0.351763367652893,0.5126100182533264,0.1515665054321289,0.3772494792938232,"[0.83, 0.34, 0.21, 0.92, 0.34, 0.91, 0.51, 0.37, 0.01, 0.21, 0.01, 0.01, 0.61, 0.51, 0.46, 0.34, 0.51, 0.83, 0.01, 0.81, 0.01, 0.65, 0.34, 0.91, 0.65, 0.68, 0.01, 0.01, 0.37, 0.01, 0.41, 0.83, 0.34, 0.51]",11110100111110011101101110000110001000101101010101111111001100011000111011100110000001110001101111010111
128_P5CCC3W6SQZBAI7C67AZM_104,11.865727042099705,8.769480941438736,0.2660034894943237,0.4358590245246887,0.1744459271430969,0.2731465697288513,"[0.37, 0.68, 0.91, 0.01, 0.01, 0.31, 0.01, 0.19, 0.68, 0.51, 0.28, 0.68, 0.91, 0.01, 0.46, 0.01, 0.21, 0.19, 0.01, 0.71, 0.01, 0.01, 0.01, 0.51, 0.65, 0.34, 0.51, 0.51, 0.37, 0.68, 0.01, 0.28, 0.34, 0.41]",01111111010001000010000101101110110111101001010000110010000100000010001111100010111101111100000110010110
129_KDICV6H3DXHEH2NI64MQ2_104,14.049032962164356,11.482072655549905,0.2628766894340515,0.4442206621170044,0.1568678021430969,0.2982755899429321,"[0.46, 0.01, 0.21, 0.56, 0.01, 0.31, 0.51, 0.46, 0.68, 0.81, 0.37, 0.68, 0.41, 0.01, 0.37, 0.34, 0.81, 0.92, 0.34, 0.01, 0.51, 0.83, 0.34, 0.21, 0.46, 0.01, 0.51, 0.51, 0.37, 0.01, 0.41, 0.56, 0.01, 0.91]",01010000110100000010101011111000111110110001110111001110010000111110100110101000111101110001100100001101
130_AHLXAZVDPNLTZXTYXL4BYQWA7KRMXTI_146,13.924542637674216,7.8573348585912015,0.2674074172973633,0.4567396640777588,0.1691645383834839,0.3048443794250488,"[0.37, 0.34, 0.51, 0.37, 0.01, 0.11, 0.51, 0.1, 0.34, 0.71, 0.28, 0.68, 0.91, 0.51, 0.46, 0.34, 0.81, 0.83, 0.01, 0.91, 0.51, 0.65, 0.68, 0.81, 0.46, 0.68, 0.61, 0.51, 0.92, 0.01, 0.11, 0.65, 0.34, 0.01, 0.51, 0.28, 0.01, 0.11, 0.83, 0.34, 0.61, 0.01, 0.19, 0.68, 0.31, 0.83, 0.01, 0.91]",01110101110111000001100110101000110111101101010111001111001101111001111000101110101111100000011100010000101100000011111010101000101100101111001101
131_H5ZUSZ7AZBZEI3XYDZMNA_104,14.187922030676193,12.684584701795602,0.2450644969940185,0.3785193562507629,0.0299545526504516,0.2822244167327881,"[0.1, 0.68, 0.91, 0.65, 0.68, 0.71, 0.51, 0.19, 0.68, 0.21, 0.83, 0.01, 0.11, 0.51, 0.19, 0.01, 0.51, 0.19, 0.34, 0.11, 0.01, 0.1, 0.34, 0.91, 0.83, 0.01, 0.01, 0.51, 0.92, 0.34, 0.41, 0.1, 0.34, 0.01]",00111111011100110100100101100111111000001100100001110010010001000110111011111000000111100101100011010000
132_3UL4MY56KN2RTYH7QREEE_104,14.724426361786652,12.381960398683145,0.2476195693016052,0.4136366844177246,0.1120057106018066,0.2834042310714721,"[0.74, 0.68, 0.71, 0.46, 0.68, 0.81, 0.01, 0.65, 0.68, 0.11, 0.74, 0.68, 0.81, 0.51, 0.56, 0.68, 0.51, 0.46, 0.01, 0.41, 0.01, 0.83, 0.01, 0.11, 0.83, 0.68, 0.81, 0.01, 0.56, 0.34, 0.31, 0.01, 0.01, 0.31]",11011101000101111100011001100011101111100101001101110101000110011110000011111111100001000100100001000010
133_AE2HZI52MQXTS4ZYUDECNVWCV2XBXEI_146,13.600389583301297,8.306322891630353,0.2225934267044067,0.3715072870254516,0.1212731003761291,0.212116003036499,"[0.56, 0.68, 0.71, 0.37, 0.68, 0.31, 0.51, 0.01, 0.68, 0.51, 0.56, 0.68, 0.31, 0.01, 0.19, 0.68, 0.81, 0.92, 0.34, 0.51, 0.01, 0.28, 0.34, 0.81, 0.46, 0.01, 0.11, 0.51, 0.19, 0.01, 0.31, 0.28, 0.68, 0.61, 0.51, 0.28, 0.01, 0.61, 0.46, 0.68, 0.61, 0.01, 0.92, 0.01, 0.41, 0.92, 0.34, 0.11]",01001101000111110010100011101110100110010000101111001110010111001100111000101000001100100000100110110101101100001010101110101011100001101110010001
134_3UOCD2TAGR2F4WZOZQP7C_104,13.818388911527308,11.433442158094552,0.2690838575363159,0.4567892551422119,0.1667330861091613,0.306912899017334,"[0.74, 0.68, 0.71, 0.37, 0.01, 0.31, 0.01, 0.1, 0.68, 0.61, 0.1, 0.01, 0.01, 0.01, 0.74, 0.01, 0.51, 0.56, 0.34, 0.51, 0.51, 0.19, 0.68, 0.41, 0.46, 0.68, 0.41, 0.01, 0.65, 0.01, 0.51, 0.83, 0.68, 0.11]",11011101000111000010000111101010011000000011010001110100010111100101101100101110110011000001111111110001
135_AN2XIGFXNZGE2STJTG4ECNCZSJDADQQ_146,15.458240296229029,12.746485863598942,0.2705773115158081,0.458261489868164,0.1834143996238708,0.3033152818679809,"[0.74, 0.68, 0.61, 0.37, 0.34, 0.01, 0.01, 0.65, 0.34, 0.41, 0.92, 0.68, 0.51, 0.01, 0.56, 0.68, 0.11, 0.1, 0.34, 0.71, 0.51, 0.56, 0.68, 0.71, 0.65, 0.68, 0.21, 0.01, 0.92, 0.01, 0.71, 0.01, 0.01, 0.91, 0.01, 0.19, 0.68, 0.21, 0.19, 0.34, 0.31, 0.01, 0.28, 0.01, 0.01, 0.37, 0.01, 0.31]",11011101010111010000011000101101110110111001001100010011010100101001101001100110011011100001000001001101000101100110010010010001100000000111000010
136_AM3PZDQY4PA5GZUGTJ55ZSM36BPRAQA_146,14.195967639160866,10.241713412491118,0.2646998167037964,0.4405011534690857,0.129284918308258,0.3017706871032715,"[0.65, 0.68, 0.41, 0.83, 0.68, 0.31, 0.01, 0.37, 0.01, 0.21, 0.01, 0.68, 0.11, 0.51, 0.65, 0.01, 0.51, 0.56, 0.68, 0.41, 0.01, 0.74, 0.01, 0.21, 0.56, 0.68, 0.71, 0.51, 0.92, 0.68, 0.91, 0.65, 0.68, 0.31, 0.01, 0.65, 0.68, 0.51, 0.92, 0.01, 0.31, 0.51, 0.83, 0.01, 0.71, 0.01, 0.01, 0.01]",11001101101111110010001110000110001110001111000001110100110110011010000110100110100111101111011100110010011001101111110000010111110001000001000000
137_5WPW46ND7HG7BG5AYIYRC_104,15.271998902280892,11.55244894178116,0.2796084880828857,0.4684937596321106,0.1906290054321289,0.3096708059310913,"[0.92, 0.68, 0.41, 0.37, 0.68, 0.41, 0.51, 0.65, 0.68, 0.81, 0.74, 0.01, 0.51, 0.51, 0.92, 0.34, 0.81, 0.74, 0.68, 0.81, 0.01, 0.56, 0.68, 0.51, 0.56, 0.01, 0.41, 0.01, 0.19, 0.01, 0.81, 0.56, 0.34, 0.11]",11101101100111110110111001111001101000111111100111001101111100001001101110100000110000100011000100010001
138_AD66KSTDBV6ZG54ZXY7SZ4C6SKKVSVY_146,14.457794351713163,11.460905426304858,0.2532680034637451,0.4364851713180542,0.1498724222183227,0.2916678190231323,"[0.1, 0.68, 0.91, 0.92, 0.34, 0.61, 0.01, 0.46, 0.01, 0.81, 0.28, 0.01, 0.41, 0.51, 0.37, 0.68, 0.41, 0.56, 0.68, 0.51, 0.01, 0.83, 0.01, 0.81, 0.74, 0.68, 0.81, 0.01, 0.83, 0.68, 0.31, 0.65, 0.68, 0.81, 0.01, 0.19, 0.68, 0.91, 0.19, 0.34, 0.71, 0.51, 0.46, 0.34, 0.41, 0.46, 0.34, 0.51]",00111111011110010101001010011000110000110101111101100100110111011110011001101111100011111100101100111100000101111010010010100101010101100101010111
139_ABDMLJV3FV63WU4MLMM54CH66JXNSRQ_146,13.659339453035464,11.404696429317772,0.2686804533004761,0.459337830543518,0.1730110049247741,0.3069853782653808,"[0.01, 0.01, 0.41, 0.65, 0.34, 0.41, 0.51, 0.1, 0.34, 0.51, 0.28, 0.34, 0.41, 0.51, 0.37, 0.68, 0.41, 0.92, 0.68, 0.61, 0.01, 0.37, 0.01, 0.41, 0.19, 0.68, 0.41, 0.01, 0.28, 0.34, 0.91, 0.92, 0.01, 0.31, 0.01, 0.37, 0.68, 0.91, 0.92, 0.34, 0.21, 0.01, 0.92, 0.68, 0.41, 0.46, 0.01, 0.41]",00010001101100010110100110101110110010110101111101101110110101001110001100010110110001100111011110000010001111111011110010011011101101100101000110
140_KXEFSDHJC4XMDAZIJVIIM_104,12.93660171021001,9.88594820778578,0.251372218132019,0.4183650016784668,0.1509885191917419,0.2690461874008178,"[0.46, 0.34, 0.51, 0.19, 0.01, 0.61, 0.51, 0.19, 0.01, 0.41, 0.37, 0.34, 0.31, 0.01, 0.46, 0.68, 0.31, 0.92, 0.68, 0.01, 0.01, 0.65, 0.01, 0.41, 0.46, 0.01, 0.31, 0.01, 0.74, 0.34, 0.71, 0.19, 0.01, 0.41]",01010101110010000101100100001100111010010001011100101110110000011000001100101000010011010101000010000110
