seed,binary codification,max layers,max convs per layer,layers,training secs,epochs,val_loss,val_iou,val_dice,val_dice crossentropy,val_accuracy,train_loss,train_iou,train_dice,train_dice crossentropy,train_accuracy
0,AAAAAAAAALTCZLS2GNZXAXGFK7VBUC6YPLYADMQ_192,4,2,3,445.9298833060002,15,0.5142306494712829,0.485769350528717,0.6534153378009796,0.3443534886837006,0.7988276672363281,,,,,
4,AAAAAAAAAAAAAAAAAD24A4AALQABXPSDGDAADVY_192,4,2,2,116.76967577299912,15,0.7950580394268036,0.2049419605731964,0.339464795589447,0.1834485375881195,0.1976801300048828,,,,,
12,AAAAAAAADW4SBYU6MFDWBMADO4AAHYQADKIAGXA_192,4,2,3,625.3336447850015,15,0.7941704440116882,0.2058295559883117,0.3409647107124328,0.1935749387741089,0.1990599060058593,,,,,
15,AAAAAAAAAAAAAAAAAAANYEABQCAANJXLFBIAD7A_192,4,2,2,92.51169774799928,15,0.1371870970726013,0.8628129029273987,0.9260602259635924,0.6758395183086395,0.9614439392089844,,,,,
19,AA2MYACHA2VKHOCGBQADIMAD6X7HZEQAGJB5AVA_192,4,2,4,188.45951609399992,15,0.7716547346115112,0.2283452653884887,0.3711020278930664,0.3071094942092895,0.2002528381347656,,,,,
22,AAAAAAAAAAAAAAAAAAAB2EAA64FHXLQAPDIABDA_192,4,2,2,311.95372612799974,15,0.2701469278335571,0.7298530721664429,0.8412630951404572,0.6314868795871734,0.9270624542236328,,,,,
28,AAAAAAAAAAAAAAAAAAANZ4AAWQAAJGQAPBIABRI_192,4,2,2,359.86925949500073,15,0.2549529802799224,0.7450470197200775,0.8516783654689789,0.6277737474441528,0.9330374908447264,,,,,
31,AAAAAAAAAAAAAAAAADJ6BUADIMAAIY5JPA3B2EQ_192,4,2,2,553.058407126,15,0.1273457503318786,0.8726542496681213,0.9314207530021668,0.6806867587566375,0.9627050018310548,,,,,
33,AA4G7PBPF6F2ZDVO4AAFJEABI6FZZYUAROAABRY_192,4,2,4,7558.604401638001,15,0.1252571213245391,0.8747428786754609,0.9329108047485352,0.7005393612384796,0.964435806274414,,,,,
43,AAAAAAAAAAAAAAAAACL6Y72DK6AAEDSB5JYACAA_192,4,2,2,2008.247396575,15,0.1236452209949493,0.8763547790050507,0.933587203025818,0.6941269481182099,0.9637664794921876,,,,,
48,F4PSJAOMRQFAP4DD4TDHYHQ7SOFC7NTBCKIAAVI_192,4,2,4,417.9111676040002,15,0.792934478521347,0.2070655214786529,0.3426683032512664,0.1771443915367126,0.2242266845703125,,,,,
51,AAAAAAAAAAAAAAAAAAAGGNGTO6TAMZRJV3IAAUY_192,4,2,2,195.91842247099976,15,0.1906160759925842,0.8093839240074158,0.8937075781822205,0.6616723108291626,0.950096435546875,,,,,
73,AAAAAAAAAADKNPRY4QABK4ABDSIN7FQAM3QAARQ_192,4,2,3,270.37525713399737,15,0.347363703250885,0.6526362967491149,0.7848376977443695,0.6077815675735474,0.9177050018310546,,,,,
82,AAAAAAAAAAAAAAAAANJS3EAAKRUDQP4CCBIAGXA_192,4,2,2,184.2626882250006,15,0.1250338244438171,0.8749661755561828,0.9328243148326874,0.6987747311592102,0.9649673461914062,,,,,
84,CQ3XYAGHDKVOJAA4QAAM3MAAIINCPC5B4BRF6UY_192,4,2,4,900.1547159799993,15,0.1274471473693847,0.8725528526306152,0.931918569803238,0.7097949993610382,0.9784922790527344,,,,,
85,AAAAAAAAAAAAAAAAAAAFBFOLTSMYNJ4ZOBRBPTA_192,4,2,2,904.2631019929976,15,0.7975542914867401,0.2024457085132598,0.3360544836521149,0.1912085831165313,0.1956287384033203,,,,,
86,AAAAAAAAAAAAAAAAABGOK4ADIUAAZBQAEIYADUY_192,4,2,2,338.0520521360013,15,0.7576837992668152,0.2423162007331848,0.3895805501937866,0.1996237635612487,0.3482872009277343,,,,,
87,AAAAAAAAAAAAAAAAAAANDPW42CABTCQAHGIADVI_192,4,2,2,2148.8415610699994,15,0.1248946237564087,0.8751053762435913,0.9328576803207398,0.6844950759410858,0.9639388275146484,,,,,
88,AAAAAAAAAABIBAALUAACZVCUSOEFQFQABGCNOMI_192,4,2,3,56.64777181699901,15,0.161022367477417,0.8389776325225831,0.9119320666790008,0.6780227959156037,0.9565702056884766,,,,,
90,AAAAAAAAAAAAAAAAAAAM3PGZ2YAAHK4B5ZQAB5Q_192,4,2,2,383.2067360110013,15,0.1656523334980011,0.8343476665019989,0.9094020557403564,0.6619073283672333,0.9528946685791015,,,,,
97,AAAAAAAAAAAAAAAAAFANAFIHSSAA4M5BTGAABTA_192,4,2,2,443.4588863560021,15,0.3931739270687103,0.6068260729312897,0.7516856360435485,0.5132649970054627,0.897065658569336,,,,,
102,AAAAAAAAAAAAAAAAACZUKUADPS3GMH5GNCIADMI_192,4,2,2,466.1588397730002,15,0.797411459684372,0.202588540315628,0.3364422607421875,0.1966034162044525,0.1957109069824218,,,,,
106,D4YGYADF5WR6TAAEXQAHLUAASEPGVY7KMJDATHA_192,4,2,4,99.849509443,15,0.4215529417991638,0.5784470582008362,0.7320324373245239,0.5231318092346191,0.8752487182617188,,,,,
107,AAAAAAAAAAAAAAAAAMJUYV6DS4AALYQAGIQAGAY_192,4,2,2,359.1448255140004,15,0.1788379991054535,0.8211620008945465,0.9010582101345064,0.6730668354034424,0.9521894073486328,,,,,
110,AAAAAAAAAABC3AA24AANB7RRGKXCTI6BHKDBCUQ_192,4,2,3,413.7954000509999,15,0.7918045949935913,0.2081954050064086,0.3439716184139251,0.2233147954940796,0.1984638214111328,,,,,
113,AAAAAAAAAAAAAAAAABOFC4AA2O5OQIXYNJ7E3VQ_192,4,2,2,134.3185544249991,15,0.714814795255661,0.285185204744339,0.4431575608253479,0.2353677034378051,0.4732649993896484,,,,,
116,DREUIADVMABO5D4GUQAMY7YXK5YL3F7YR2YACVI_192,4,2,4,279.23570784000003,15,0.4424877464771271,0.5575122535228729,0.7108849585056305,0.4945361030101776,0.8799655151367187,,,,,
119,AAAAAAAAAADPTGF4DQAMYF2DW4HZRDQAGCIABQY_192,4,2,3,699.5796108979994,15,0.7882938873767853,0.2117061126232147,0.3489915454387665,0.1745051169395446,0.203871841430664,,,,,
122,AA6RLEZVHQ52HHU6M7GFKUADSWAB4BQAMLIAA4Q_192,4,2,4,558.935448323,15,0.3315470004081726,0.6684529995918274,0.7986868667602539,0.5952342772483825,0.9130197143554688,,,,,
123,AAAAAAAAAAAAAAAAADLDC5IMTQAAFCTD4AAAAVI_192,4,2,2,58.54152956100006,15,0.3344682586193084,0.6655317413806915,0.7965319979190827,0.5886487352848053,0.9065238189697266,,,,,
124,AAAAAAAAAAAQXKHEWPIGA5INA6AANZQAE6BTCAY_192,4,2,3,70.55565060899971,15,0.169347448348999,0.8306525516510009,0.906413861513138,0.6629142105579376,0.9518854522705078,,,,,
127,AAAAAAAAAAAAAAAAAAABDMABA2AAVZQAEAYAGBY_192,4,2,2,46.372716747002414,15,0.3668241751194,0.6331758248806,0.771456538438797,0.4787082183361053,0.8976554870605469,,,,,
128,AAAAAAAAAAAAAAAAANJ4B7W3XQAAFPQAOJ2V6VI_192,4,2,2,13796.599272247,15,0.7651689565181732,0.2348310434818268,0.3796668887138367,0.3502101004123688,0.1993313598632812,,,,,
136,2FYFIABNAADYLAA6XQAD3MAAI45D3MT6NYH46RA_192,4,2,4,594.268957043998,15,0.2273994064331054,0.7726005935668945,0.870730664730072,0.6481099212169648,0.9380020141601564,,,,,
140,AAAAAAAAAAAAAAAAAAAHGEADWJZMEFQAOKCBA5A_192,4,2,2,7044.621784361996,15,0.1525525426864624,0.8474474573135375,0.9170492303371428,0.6493490242958069,0.9578045654296876,,,,,
141,AA6TYXA53KTIPLS74XLEGMABJSAAMNQAF6KRCMQ_192,4,2,4,538.6480300979965,15,0.7918484508991241,0.2081515491008758,0.3437359738349914,0.1927315938472747,0.2004058074951172,,,,,
143,AAAAAAAAAAAAAAAAAAABB4AA6UAAPNTKEY6BLQQ_192,4,2,2,50.38969956099754,15,0.191671587228775,0.808328412771225,0.8923104250431061,0.6628231239318848,0.9468839263916016,,,,,
149,AAAAAAAAAAAAAAAAAAAHJUAAIOAAFDQAMAQAAVY_192,4,2,2,42.90323530900059,15,0.2451828265190124,0.7548171734809875,0.858484525680542,0.6236947810649872,0.9347408294677736,,,,,
165,AAAAAAAAAAAAAAAAAAAECMAAS4AAPLQAPIIABVA_192,4,2,2,211.054491597999,15,0.2675122570991516,0.7324877429008484,0.8430927538871765,0.6269704878330231,0.9286082458496092,,,,,
166,AAAAAAAAAAAAAAAAAEDRLXQMKGAAEMQAM6LTBBA_192,4,2,2,354.1277039179986,15,0.2460845243930816,0.7539154756069183,0.8584517800807953,0.625239964723587,0.9334332275390624,,,,,
167,AAAAAAAAAAAAAAAAAAAFL4ADIUAAMGUGOJQAB5I_192,4,2,2,585.7379396140022,15,0.6460505998134614,0.3539494001865387,0.5221483409404755,0.2628433358669281,0.716180419921875,,,,,
168,AA2VIADMUAD6XAAG47C5KEAAI5TARMS26IQAARA_192,4,2,4,479.0167835890024,15,0.1356110227108001,0.8643889772891998,0.9268001163005828,0.6832073223590851,0.9614935302734376,,,,,
170,AAAAAAAABIJKHAAC4QANJEAAS6ABYPQAMYHQWRY_192,4,2,3,109.59631852099848,15,0.7967082822322845,0.2032917177677154,0.3373719882965088,0.1822807848453521,0.196160659790039,,,,,
175,AAAAAAAAAAAPTAAPRRJ5J7KROLQZ4BWBF6K5BUI_192,4,2,3,159.73500118599625,15,0.5392431461811066,0.4607568538188934,0.6302326619625092,0.3837533330917358,0.7711467742919922,,,,,
178,AAAAAAAAAAAAAAAAAOD4JUADBSYZVIQADZ2MI7A_192,4,2,2,606.6853787099972,15,0.3590590333938598,0.6409409666061401,0.7801176404953003,0.6193714702129364,0.9398389434814454,,,,,
179,AAAAAAAAAAAAAAAAAAADGPAZWKJH7NQACAQAGAA_192,4,2,2,117.4274177650077,15,0.1658397853374481,0.8341602146625519,0.908939505815506,0.664202526807785,0.9540248870849608,,,,,
180,AAAAAAAAAAAAAAAAAAAODEAD6QAAMBQAGBYADUA_192,4,2,2,405.4149784280016,15,0.304763730764389,0.695236269235611,0.8175003111362458,0.5602304553985595,0.9213568115234376,,,,,
182,AAAAAAAABQ5KFD4ZWAAFAUAD6MABVH66CKQAGBI_192,4,2,3,425.64218635899306,15,0.7833256340026855,0.2166743659973144,0.3553788757324219,0.1822094273567199,0.2332473754882812,,,,,
183,AAAAAAAAAAAAAAAAAAABLEAA6EAATFQAMAIABBY_192,4,2,2,61.60387700100546,15,0.2750945425033569,0.724905457496643,0.8385808575153351,0.6032985556125641,0.9257211303710936,,,,,
186,AAAAAAAADKHGFAAM4RK42MADZQPCPHQAPAAABRI_192,4,2,3,499.4048671330093,15,0.2061620867252349,0.793837913274765,0.8835390877723693,0.6639049446582794,0.9451251220703124,,,,,
191,AAJUYAHQFCA6LD4KGQABJMADW4RLVPQACBDUYRQ_192,4,2,4,223.3861067789985,15,0.3470552384853363,0.6529447615146637,0.7874559164047241,0.5091625595092774,0.9065935516357422,,,,,
194,AA6H35ONMADQNHS2MXBGKEADAQTZVN6OCOKPDRY_192,4,2,4,611.3575876979885,15,0.2935604131221771,0.7064395868778228,0.8236231577396392,0.5746857357025147,0.9212476348876952,,,,,
199,AAAAAAAAB6YLTOH2QQAMGNG5CA5CEYQACIH4PBY_192,4,2,3,141.21184585899755,15,0.6809980058670044,0.3190019941329956,0.4828260493278503,0.2552905786037445,0.5666483306884765,,,,,
200,AAAAAAAAAAAAAAAAAAABDEADGPRE3DUI4JIABBA_192,4,2,2,165.0605378879991,15,0.1233772766590118,0.8766227233409881,0.9337901306152344,0.6858493900299072,0.9629773712158204,,,,,
210,AAAAAAAAAADWVAADWAAD2EADISAAXDQAH3AXA7A_192,4,2,3,478.8893448000308,15,0.1885205340385437,0.8114794659614563,0.8953165709972382,0.6622538089752197,0.9477638244628906,,,,,
212,AAAAAAAAAADYZAAEGQADLM2AQQZP7JR6PZQAHMQ_192,4,2,3,368.5255996000488,15,0.4978585684299469,0.5021414315700531,0.663456392288208,0.4444556856155395,0.8668772125244141,,,,,
214,I4YFIADQTWBWBAA4XMIOGEABGQAB7LW3BCXABNY_192,4,2,4,914.2309586000628,15,0.2712736988067627,0.7287263011932373,0.8430758380889892,0.5142568969726562,0.9320023345947266,,,,,
216,AAAAAAAAAAAAAAAAAAAMIM6B3QRIIDRYBOOB3QY_192,4,2,2,77.35798390000127,15,0.7976138126850129,0.2023861873149871,0.3359657561779022,0.1899389719963073,0.1955792236328125,,,,,
220,AAMWKESRFGIOHAAD4QAFA4AAOKAB7YQACAS5GFI_192,4,2,4,75.86247040005401,15,0.331869910955429,0.6681300890445709,0.7983524799346924,0.5843918812274933,0.9099626159667968,,,,,
222,AAAAAAAAAAAAAAAAAAAHIMADASAAEKQAM6IAGVA_192,4,2,2,147.5534749000799,15,0.1822164368629455,0.8177835631370545,0.8985500431060791,0.6474313986301422,0.9494869995117188,,,,,
226,AAAAAAAAAADWDAAKVQAPOMAAXTUKJLQABOCBLDA_192,4,2,3,932.3192086000928,15,0.174989618062973,0.825010381937027,0.9033817100524902,0.668652195930481,0.953559799194336,,,,,
238,AAAAAAAAAABGFAAEBAAHKUABCYMKEYQAGI75SNY_192,4,2,3,64.75163659988903,15,0.6118962991237641,0.3881037008762359,0.5585819840431213,0.3254770505428314,0.6859412384033203,,,,,
241,AALRIAH7FOPQPAA3SAAPYUAAQ6AB4BRANODNAUQ_192,4,2,4,1024.1895508999005,15,0.7973466956615448,0.2026533043384552,0.3363993537425995,0.192909060716629,0.195910415649414,,,,,
250,AAAAAAAAAWEOLAAKW6Z6C4ADCKAATJ7BFLQAATA_192,4,2,3,425.8145927998703,15,0.1488821744918823,0.8511178255081177,0.918918468952179,0.6664221620559693,0.9586900329589844,,,,,
257,AAAAAAAAA3TOJAA6EPJSGEAAKEJJYCQAOYTQ24A_192,4,2,3,558.8209824999794,15,0.5028824782371522,0.4971175217628479,0.6635345053672791,0.3408454489707946,0.7854334259033203,,,,,
259,AAAAAAAAAAAAAAAAAAAE2MAAZQAB5GQACCIADRA_192,4,2,2,140.83417049981654,15,0.1777768838405609,0.8222231161594391,0.901819190979004,0.6741796576976776,0.9505277252197266,,,,,
260,AAAAAAAAAAAAAAAAAAAE2MAAOZ4EEN6K6KQAHQQ_192,4,2,2,1639.6211878999602,15,0.1727245604991912,0.8272754395008087,0.9044263350963592,0.6657687318325043,0.9523407745361328,,,,,
263,LVOEYTHHDW4QZAAEHAAHYNSPQKHAYOQANKQAHBI_192,4,2,4,672.1902119999286,15,0.7960478675365448,0.2039521324634552,0.338263611793518,0.1914484286308288,0.1971923828125,,,,,
269,AAAAAAAAAAAAAAAAAAAD3EABLQAAVBQABKARSRI_192,4,2,2,41.45442659989931,15,0.7929148840904235,0.2070851159095764,0.3426249802112579,0.2105903899669647,0.1991863250732422,,,,,
277,AAAAAAAAAAAAAAAAAAAGYMADGOAAYNQADCAAGMY_192,4,2,2,98.98893689992838,15,0.1305816733837127,0.8694183266162873,0.9295395302772522,0.6847978448867797,0.961158447265625,,,,,
279,AAAAAAAAAKMSH6CYDQAC3PYUXSAAFJ5KWCRBHQQ_192,4,2,3,251.94426369993016,15,0.1455421078205108,0.8544578921794891,0.9207676863670348,0.6700460755825043,0.9589859771728516,,,,,
280,AAAAAAAADWHSR2E5QW252FK3KBTOJLXL52BNHMA_192,4,2,3,12622.023162700005,15,0.4574155652523041,0.5425844347476959,0.7021243417263031,0.3717352890968323,0.8197603607177735,,,,,
281,AAAAAAAAAAAAAAAAAHCMZEADLQHGIKRK5ZQAHHA_192,4,2,2,523.6659148000181,15,0.793907026052475,0.206092973947525,0.3411795842647552,0.2308177828788757,0.1961640930175781,,,,,
299,AAAAAAAAAAALTLQ2EU3WKUAA2EAAIMUBH2QADTA_192,4,2,3,137.40202730009332,15,0.7109089577198029,0.2890910422801971,0.4478059613704681,0.2330110692977905,0.4855263519287109,,,,,
300,KELVYABBMADQFAAGWRA7C4OMORYK3LQAHGLFJAA_192,4,2,4,193.92610390018672,15,0.2066766464710235,0.7933233535289764,0.8836431586742401,0.6541033041477203,0.9455169677734376,,,,,
301,AAAAAAAADKLWZAANTRZX35WQIGAAUARDSI2ABVI_192,4,2,3,2275.261083191,15,0.1478248655796051,0.8521751344203949,0.919683322906494,0.6810826444625855,0.959356689453125,,,,,
302,YAISK4PPAADJTAAKU6JTDMABCKAAIEQABKYADRA_192,4,2,4,679.5791938999901,15,0.7915292179584503,0.2084707820415496,0.3444163727760315,0.1974481463432312,0.2012975311279297,,,,,
303,AAAAAAAAAAAAAAAAAAAGDESTYYJMHKRBFBYADPA_192,4,2,2,132.7284594999801,15,0.1976675224304199,0.80233247756958,0.8885371279716492,0.5968523490428924,0.9468328857421876,,,,,
309,AAAAAAAAAAAAAAAAABBGBEIZBQAB7CRIG6AABVI_192,4,2,2,102.95260720001534,15,0.7940301811695099,0.2059698188304901,0.3411548614501953,0.2426734685897827,0.1955308532714843,,,,,
312,AA4QYACQUAB65AACWBLFAUABAILMJOQAOAAADEY_192,4,2,4,449.26699530001497,15,0.4496572923660278,0.5503427076339722,0.7047731530666351,0.4630914783477783,0.8794107818603516,,,,,
314,AAAAAAAAAAAAAAAAADAO3MABAUAAIEQAG3AACVY_192,4,2,2,409.7577690999897,15,0.1609299409389495,0.8390700590610504,0.9118473255634308,0.6672081637382508,0.9559968566894532,,,,,
326,AAAAAAAAAAAAAAAAAHCEA5OM2EAA4NQAMCYACMQ_192,4,2,2,119.5587456000212,15,0.1209618234634399,0.87903817653656,0.93530081987381,0.6951772952079773,0.9648220825195312,,,,,
330,AAC4YAC7AAAQVAA3QAAMJMAD3R5MUARK53RFOBY_192,4,2,4,416.338811900001,15,0.7935861086845398,0.2064138913154602,0.3415215051174163,0.1982941305637359,0.199841079711914,,,,,
332,AAAAAAAAAAAAAAAAAPJRGEAAOEABXLQAMZH47NY_192,4,2,2,4197.452162,15,0.7463781517744065,0.2536065459251403,0.4041576918959617,0.2534086814522743,0.6581180191040039,,,,,
335,AAAAAAAAAAAAAAAAAAAM2UADWDZPRBQAFCGUZRA_192,4,2,2,1242.488276699998,15,0.1245873484015464,0.8754120182991028,0.9333464249968528,0.6466995492577553,0.9628067398071288,,,,,
336,AAAAAAAAAAAAAAAAAAAC34ADGCAAQI7J6LYADBI_192,4,2,2,986.4271990999988,15,0.1301230522990226,0.8698753213882446,0.9297555443644524,0.6774297660589218,0.9617617416381836,,,,,
342,AAAAAAAAAAAAAAAAAAAPA4ADBRQHYGQAEKHR7UQ_192,4,2,2,369.88642919999984,15,0.2861874821782112,0.7138210707902908,0.8325185018777848,0.6510104468464851,0.9589436149597168,,,,,
345,AAAAAAAAAAASHAALTR3SD4ABI2ABYM4AMZYAB7A_192,4,2,3,78.85266539999793,15,0.2412421652674675,0.7587534460425377,0.8612608012557029,0.6186819034814834,0.9359091758728028,,,,,
357,AAAAAAAAAAAAAAAAADBHGEABCOFC5LQAFAYAHVA_192,4,2,2,84.57538379999824,15,0.1340382295846939,0.8659593048691749,0.9277418938279152,0.6828754812479019,0.9616215133666992,,,,,
361,AAIUIACM72ULRAAIQAAM2XG5WKIIFYQAPDIAGQY_192,4,2,4,191.6881632000004,15,0.2559611016511917,0.7440359812974929,0.8515833258628845,0.6184923994541168,0.9315199089050292,,,,,
363,AAAAAAAAAAAAAAAAAAANDEAA6WAAZFQADGAAG5Y_192,4,2,2,189.1898915999991,15,0.1595711958408355,0.8405685597658157,0.9126471564173698,0.678105553984642,0.9553899574279784,,,,,
364,AAAAAAAAAAAAAAAAAAAMAEABIMAA4DQABCZADVI_192,4,2,2,48.29305530000056,15,0.1950412830710411,0.8049566781520844,0.8905908158421516,0.6461117690801621,0.946852569580078,,,,,
366,AAAAAAAAAAAAAAAAADGE2XQESQAA4GQANAWASVY_192,4,2,2,407.08867180000016,15,0.1325168427824974,0.8674374827742577,0.9283732107281684,0.6923669901490211,0.9611565399169922,,,,,
368,AAAAAAAAAAAIH74OHQAD27OXAIABQJ6IB2HRTAQ_192,4,2,3,510.7174088000029,15,0.1859512129426002,0.8140134078264236,0.8962763127684593,0.6665327006578445,0.948703784942627,,,,,
369,AAAAAAAABWAKLAA6MEDRYHO7IQAAVL4CXI2F6QI_192,4,2,3,292.2239272000006,15,0.7951423451304436,0.2048361998796463,0.3394565972685814,0.192989344894886,0.1980191612243652,,,,,
371,AAAAAAAABGFSDAA7SAACZEPRQGMPTETONLQACVY_192,4,2,3,219.6328564000069,15,0.7869124636054039,0.2130785027146339,0.3507200452685356,0.1799632421135902,0.2298024940490722,,,,,
372,AAAAAAAAAAAAAAAAAGGG2H6JA2AALMWJVJPRTRA_192,4,2,2,235.33877660000144,15,0.1214567291736602,0.8785423964262009,0.9349295371770858,0.6803304505348206,0.9640942192077636,,,,,
380,AAAAAAAAAAAAAAAAAPOMBHGZDQABZKQAGCDRL4I_192,4,2,2,418.87059820000286,15,0.1274956077337265,0.8725110250711441,0.9318497186899184,0.7086569371819497,0.9764812660217284,,,,,
387,AAAAAAAAAAAIJAAK4AADGNYLOMIFXCQAPBAADBQ_192,4,2,3,161.06360110000242,15,0.1259298640489578,0.8740918362140655,0.932517605125904,0.7031271162629128,0.9663258361816406,,,,,
390,AA34IR7HEABYZAA4WDA4ZMABOMAB7NQAPBO4LAA_192,4,2,4,832.0127126000007,15,0.7950744199752807,0.2048967573046684,0.339386833012104,0.1930129167437553,0.1981311607360839,,,,,
395,AAAAAAAAAIFI7AAIGAAE3MADWWZEILQABJAADDA_192,4,2,3,544.514646399999,15,0.2369538956880569,0.7630453291535377,0.8642087402939796,0.585743145942688,0.934471435546875,,,,,
398,AAAAAAAABWRKPAAC4EOFA4ABYJXJTB6C5CTA6AI_192,4,2,3,94.41416139999636,15,0.7932978421449661,0.2067026731371879,0.3419846919178962,0.1848602077364921,0.1994538116455078,,,,,
400,AAAAAAAAA6TCVOS4TAAEJFQE2GAAECQAC32EDBI_192,4,2,3,440.18876040002215,15,0.7938027980923653,0.2062016060948371,0.341280218064785,0.1707714176177978,0.1984716987609863,,,,,
401,AAAAAAAAAABCVKG4TOGB2EABYGABVHVLBJQAGBY_192,4,2,3,550.5240825999936,15,0.7934406879544258,0.2065597447752952,0.3416793712973595,0.1708613193035125,0.1988356781005859,,,,,
405,AAAAAAAAAAAAAAAAAAAMGEADSYFZTOXCPKYADEI_192,4,2,2,1342.9575818000012,15,0.7540849769115447,0.2459082570672035,0.3938611659407616,0.199592350423336,0.3619992065429687,,,,,
407,AAPV75HPD2DIRAAYFAAHZEW7IT5CIGQAP3QACXA_192,4,2,4,3646.2579507000046,15,0.7917883816361427,0.2082014715671539,0.3440500628948211,0.2214995241165161,0.1990707397460937,,,,,
408,PS7ROUOXEWMINAAGQUIRDMAAO6ABUBQAPGHMCQI_192,4,2,4,635.2003994000002,15,0.7731564030051231,0.2268433320522308,0.369170441031456,0.3149800074100494,0.1980544281005859,,,,,
409,FV4FYAGTAABZRAAFUAAFB4KUWOAA5IQAEBSBKFY_192,4,2,4,376.4600335,15,0.7942452728748322,0.2057626530528068,0.3406785407662391,0.1928757840394973,0.1989757347106933,,,,,
410,AAAAAAAAAAAAAAAAAB3TKMABQMZIPHWC5A2ALVA_192,4,2,2,81.48089630000004,15,0.1770258289575576,0.8229682120680809,0.901673629283905,0.6546795219182968,0.9502189254760742,,,,,
411,AAAAAAAAAAAAAAAAAAAFBEADCIAANYVYBCQABTA_192,4,2,2,56.12665430000016,15,0.3061876434087753,0.6938117733597755,0.8170574608445168,0.5440732422471046,0.917320442199707,,,,,
419,AAEXIAA7BYBIR6UGXAAHCPYAO37MUFTZDIQABNA_192,4,2,4,101.79445579999992,15,0.7948755177855492,0.2051188099384308,0.3398362708091735,0.1838186448812484,0.197929573059082,,,,,
422,AAAAAAAAALTYLCWEEQACC5CYIARDXMQAOKAAHAA_192,4,2,3,559.1026930999997,15,0.8006146332621574,0.1993851122260093,0.3319199153780937,0.259296632707119,0.1997633934020996,,,,,
426,AAAAAAAAAAAAAAAAAFBDKMOV26PMZJRKOGIACRQ_192,4,2,2,476.06534459999966,15,0.1853268244862556,0.8146618711948395,0.8970776444673538,0.6691330143809319,0.9497114944458008,,,,,
431,AAAAAAAAAAAIXAANSDKTB4ZTQQAAJYVIEGIAHDA_192,4,2,3,718.7579629000011,15,0.2123055317997932,0.7876916667819023,0.8801664197444916,0.6288212770223618,0.942109031677246,,,,,
432,GUEMIAHHAABKRAANUD6FZPQFI6AA5Z7KRDAACEQ_192,4,2,4,434.6998631999995,15,0.7941073620319367,0.2059019929170608,0.3408247688412666,0.1930930814146995,0.1991071701049804,,,,,
433,AAAAAAAAAAAAAAAAADCPLMADIIHAMGR6NYRFP4A_192,4,2,2,342.53575270000147,15,0.7801205530762673,0.2198675534129142,0.3599097323417664,0.1846408021450042,0.2601700401306152,,,,,
437,GDDW7NHVR6DI5EAC4S2BYU67AOAA4GQAGDA5DQA_192,4,2,4,1588.5661607000002,15,0.783344874382019,0.2166595113277435,0.3556408584117889,0.1804050940275192,0.2452220153808594,,,,,
438,AAAAAAAAAAAAAAAAAAAH24AAIUAAFHQAMAYADQI_192,4,2,2,43.34896329999901,15,0.2781781712174415,0.7218533512949944,0.8362737891077995,0.6166899168491363,0.9249756240844726,,,,,
441,AAAAAAAAAAAAAAAAAPCGLMABCE4GZYQAC3IADAA_192,4,2,2,256.5682091999988,15,0.1324793231487274,0.8675182595849037,0.9285275939106942,0.6852198404073715,0.9620507240295412,,,,,
450,AAAAAAAAAAAAAAAAAOCRCEAAIQLMMMSBP2IAAQI_192,4,2,2,341.7391897999987,15,0.2069138050079345,0.7930789548158645,0.8836889412999153,0.6598986381292343,0.9433585166931152,,,,,
460,AAAAAAAAAK4LRYQEBAAEIPQUSYABZJV2DJYACMA_192,4,2,3,184.92820460000075,15,0.5991916197538376,0.4007814225554466,0.5713919657468796,0.3388357833027839,0.6980465888977051,,,,,
475,AAAAAAAAAAAAAAAAAAAO2MY7AE7OHGQAN27A3UA_192,4,2,2,619.4616588999997,15,0.1804037299752235,0.8195951581001282,0.8998896199464798,0.6471106323599816,0.950533046722412,,,,,
482,J4H4JMSMUPRKV6F6GDDTYMADY6AAXG7JN2GQZBY_192,4,2,4,330.74131909999414,15,0.1370836076140403,0.862914787530899,0.9260851350426674,0.6728583389520645,0.960824031829834,,,,,
489,AAAAAAAAAAAAAAAAANCRGEORYIAAFMQAGBT7BQQ_192,4,2,2,65.67305759999726,15,0.7448514559864998,0.2551487657427788,0.4056996774673462,0.2134665659070015,0.3908228302001953,,,,,
492,AAKQIAHAY2FYRAAKGAADGMIDY4AAUPTOFZHQHEY_192,4,2,4,393.502985500003,15,0.7942649880051613,0.2057346782088279,0.3406397849321365,0.1704323357343673,0.1980276107788086,,,,,
495,AANRYAHFYADIBAAMGAAO34KVAOAA5ZQAD2IAGPA_192,4,2,4,378.0509667000006,15,0.2068549579381942,0.7931361383199692,0.8830021062493324,0.6480722281336785,0.9433945465087892,,,,,
498,AAAAAAAADYJKD6T54SOCDPPRAI3OXPUIUCIAB4Q_192,4,2,3,3374.3426697999967,15,0.7947959968447685,0.2052012372016906,0.339887678027153,0.1946196436882019,0.1983377265930175,,,,,
506,AAAAAAAABGVZTAA4XAAB2UAAOMAA3AQAN2JTA4Y_192,4,2,3,239.90170856799523,15,0.794370288848877,0.205629711151123,0.3405756425857544,0.1711001789569854,0.1979336547851562,0.7929684981703758,0.2070232319831848,0.3424327799677849,0.172028965651989,0.1992803764343261
511,AAAAAAAAAAAAAAAAADBMZPYPOAAAPKQAFBR4J5Q_192,4,2,2,941.866432965995,15,0.1220610415935516,0.8779389584064483,0.9346496975421904,0.6582103705406189,0.9641256713867188,0.125844809114933,0.8741548004746437,0.9324144753813745,0.6535659366846085,0.9630348396301268
513,AAAAAAAAAAAAAAAAAAACZ725AOABUYQAFZQADAQ_192,4,2,2,172.54864086399903,15,0.1610722291469574,0.8389277708530426,0.9115851902961732,0.6671649980545044,0.9554893493652344,0.1527213761210441,0.8472762829065323,0.9166436991095545,0.6713824006915092,0.956817111968994
528,AAAAAAAAAAAAAAAAADKPBEAD2IAAXBT3GCTRARI_192,4,2,2,243.9036777129949,15,0.16969442486763,0.83030557513237,0.9064136910438536,0.6383042573928833,0.951664810180664,0.1628147131204605,0.8371844989061356,0.9105121472477912,0.6451738804578782,0.9542222213745116
532,AAAAAAAAAAAAAAAAAAADLUADWGJOLF4DP6AAARQ_192,4,2,2,2051.1534850050084,15,0.1443593311309814,0.8556406688690186,0.9213741075992584,0.6624799370765686,0.9588488006591795,0.1535269764065742,0.8464717671275139,0.9161466294527054,0.657225421667099,0.9564474678039552
535,AAAAAAAAAAAAAAAAAE2SBMAATQYIHZWZXJGVZBA_192,4,2,2,48.90214654999727,15,0.7564670395851135,0.2435329604148864,0.3908531153202056,0.2355751323699951,0.3621031188964844,0.7555198952555656,0.2444787290692329,0.3922013816237449,0.2363715907931327,0.3629939079284668
543,AAGTZ4OXHW4Y3AA5UPKSZEADAM3CMYQAD3T4LFA_192,4,2,4,759.6915236819914,15,0.7931628739833831,0.2068371260166168,0.3422959089279175,0.1999222302436828,0.1998860168457031,0.7941372928023338,0.2058346337080001,0.3408613243699074,0.1991420790553092,0.1987922859191894
547,AAAAAAAAAAAAAAAAAAAHKEABDSNA4NQAH2AAD4I_192,4,2,2,56.96690050799225,15,0.1665310060977936,0.8334689939022064,0.9089818096160888,0.6928063344955444,0.9640117645263672,0.1775450274348259,0.8224574252963066,0.902231912314892,0.6889236864447593,0.9632838821411132
548,AAAAAAAAAAAAAAAAAAANAXOPGYAAQPQANCSAKFY_192,4,2,2,792.6314169890102,15,0.1546038353443145,0.8453961646556855,0.9155318808555604,0.6561976742744445,0.9566458129882812,0.162219939827919,0.8377790600061417,0.9110346579551696,0.6495068627595901,0.9548511505126952
550,AAAAAAAABW4IF7RHQAAM3EAA24EKRDROO2IAGDA_192,4,2,3,407.3881048480107,15,0.7433366334438324,0.2566633665561676,0.4078181052207947,0.2146742284297943,0.4023619842529297,0.7396226015686989,0.2603725656867027,0.4122955748438835,0.2171556657552719,0.4052829551696777
551,AACC2HARQLQRTOV3UAAEL4ADKEABUB7DCCXEHMY_192,4,2,4,238.95397348099505,15,0.427688398361206,0.5723116016387939,0.7269529128074645,0.4895222640037536,0.871978759765625,0.4293768811225891,0.5706022742390633,0.7257745698094368,0.4882493683695793,0.8711535453796386
552,AAAAAAAAAAAAAAAAAAAO24ABWUABUOVATIJTCBA_192,4,2,2,313.10891548400105,15,0.1298629450798034,0.8701370549201966,0.9300051009655,0.6929927539825439,0.9631621551513672,0.1454975751042366,0.8544938737154006,0.920881661772728,0.6849806806445122,0.9590004730224608
557,AAAAAAAAAAAAAAAAAAAO6NGL6MAAJHQAMIAABVQ_192,4,2,2,821.8693760700116,15,0.137894594669342,0.8621054053306579,0.9257879304885864,0.67077707529068,0.9601270294189452,0.1451935446262359,0.8548053047060966,0.9213140040636064,0.6685739117860794,0.95935697555542
568,AAAAAAAAAAAAAAAAAAANLNWHCWAAQASCCDYAATA_192,4,2,2,203.51072604500223,15,0.2778013432025909,0.722198656797409,0.8364888858795166,0.5944940149784088,0.9275669860839844,0.280118627846241,0.7198791715502739,0.8352627462148666,0.5936132660508155,0.9252499389648438
570,AAAAAAAAAAAAAAAAAAABIEAB3QUKNMQAMOIAD4A_192,4,2,2,71.3163043550012,15,0.1794454360008239,0.820554563999176,0.9006692409515381,0.6807345294952393,0.9548208618164062,0.1707061740756034,0.829236573278904,0.9060035228729248,0.6840296798944473,0.9553339385986328
571,AAAAAAAAAAAAAAAAAD2RZUADZRUMXC7CHIIRXVQ_192,4,2,2,280.9201708449982,15,0.797599663734436,0.2024003362655639,0.3362026858329773,0.191340320110321,0.1956291961669921,0.7932940292358398,0.2067069855332374,0.3419585263729095,0.1946179971098899,0.1998564910888672
579,AAAAAAAADGPSDCFHWQAEL4ABZSRIXJQAPDIQKEA_192,4,2,3,734.7029319119756,15,0.1466889464855194,0.8533110535144806,0.9201397550106049,0.6799881184101104,0.958775634765625,0.1647696256637573,0.835203800201416,0.9094542926549912,0.6687850406765938,0.9539349937438965
582,AAAAAAAAAAAAAAAAAAAGJUPTIIAB7EQAHDG4ZMA_192,4,2,2,161.82184665600653,15,0.7919912779331207,0.2080087220668792,0.343583927154541,0.1787804269790649,0.2003541564941406,0.7938126775622368,0.2061794632673263,0.3413017192482948,0.1775517725944519,0.19867525100708
587,D42UIAHNIABCTAACEQAMCUKRO6IKYPQAD3IADQQ_192,4,2,4,355.38440706100664,15,0.5566793513298035,0.4433206486701965,0.6137269592285156,0.3147906470298767,0.7560320281982422,0.5492454078793526,0.4507523834705352,0.6206532081961632,0.3184996646642685,0.7579114532470703
592,AAAAAAAAAAAAAAAAANASZNQ5KKNOEIQAE3IAB5I_192,4,2,2,131.32461818199954,15,0.1666457593441009,0.833354240655899,0.9084582269191742,0.6658152115345001,0.9554431915283204,0.1688543596863746,0.8311430290341377,0.9073428320884704,0.6621441441774368,0.953408374786377
593,AAAAAAAABOHSV6DEWAADIUAALSEBYIQABJAV6EY_192,4,2,3,544.185223804001,15,0.7902664732933045,0.2097335267066955,0.3460350334644317,0.1807338619232177,0.2143817901611328,0.7902050000429154,0.2097921019792556,0.3463874366879463,0.1808897787332535,0.2145821380615234
594,AAAAAAAAAAAAAAAAAOZHAHQAJSAAHPQAM2QAGPA_192,4,2,2,392.3995005489851,15,0.7981611382961273,0.2018388617038727,0.3352571225166321,0.1811466038227081,0.1947215270996093,0.792641932964325,0.2073607364296913,0.3428895390033722,0.1853043818473816,0.2000834083557129
595,AAAAAAAADWUJTITJ4QAD3XHQWUAAUF6KPJIACRA_192,4,2,3,536.799989104009,15,0.7907228016853333,0.2092771983146667,0.345674045085907,0.2114812397956848,0.2019835662841796,0.7944513154029846,0.2055553469061851,0.3404864606261253,0.2084652134776115,0.1982678985595703
598,AAAAAAAAAAAAAAAAANY4LUKRPQJOLDQAEAZU7AA_192,4,2,2,252.7119755160238,15,0.170438984632492,0.8295610153675079,0.906193014383316,0.6817816030979157,0.9540798950195312,0.1714867240190506,0.8285608193278313,0.9056921491026878,0.6816967022418976,0.9548501586914062
600,AAAAAAAADSPYXYQHQTADBUABHSAATLT3TYAAGAI_192,4,2,3,762.001184830995,15,0.2075080645084381,0.7924919354915619,0.8828464150428772,0.6333211791515351,0.9448356628417968,0.2101756998896599,0.7898226997256279,0.8814382028579711,0.6270870891213417,0.9425725936889648
601,AAAAAAAAAAAAAAAAAAADK4I7HQABRZUZGIAAA4I_192,4,2,2,86.1368626419935,15,0.798130966424942,0.2018690335750579,0.335370647907257,0.1902184689044952,0.1951323699951171,0.7931710770726204,0.2068276414275169,0.3420604363083839,0.1940025877952575,0.1999806976318359
603,AAAAAAAAAAAAAAAAAMGBYUOTQWAAYIQAOYAABFA_192,4,2,2,613.0203242749994,15,0.2206935787200927,0.7793064212799072,0.8749233555793762,0.5786490917205811,0.9403647613525392,0.215160491168499,0.7848389780521393,0.8784006106853485,0.5892210525274276,0.9417193603515625
605,AAAAAAAAAAAAAAAAANIRJHYUYRQPVJ7GCAIADAQ_192,4,2,2,249.6675495559976,15,0.2635223722457885,0.7364776277542114,0.8455901682376862,0.6229308402538299,0.9280966186523436,0.2624624091386795,0.7375083574652672,0.8466058865189552,0.6245447480678559,0.9290103912353516
611,4H2EIAGPAAAYHAADVQABBEABSH5HUFQAH2QAA4I_192,4,2,4,352.5053561429959,15,0.7942941808700561,0.2057058191299438,0.340644451379776,0.1988159227371216,0.1986869812011718,0.7938758632540703,0.2061307168006897,0.3412268370389938,0.1991804647445678,0.1990920448303222
613,AAAAAAAAAAA6TYB74T27YH6XO7UKHB5YF3IADMI_192,4,2,3,1228.7618433509997,15,0.7970119643211365,0.2029880356788635,0.3368348169326782,0.193903489112854,0.1960832214355468,0.793317724764347,0.2066932797431945,0.34204315751791,0.1968482026457786,0.1997429847717285
615,AAAAAAAAAAAAAAAAADZSL4JRIYQY5FUCBBAACNQ_192,4,2,2,49.17578472099558,15,0.7904332482814789,0.2095667517185211,0.3459453725814819,0.1779008841514587,0.2019179534912109,0.7941203287243843,0.2058808103203773,0.3407660695910454,0.1752204301953315,0.1982843017578125
620,AAAAAAAAAAAAAAAAANI4DEAAQCAAUC6GC2GBBRI_192,4,2,2,223.7196076179971,15,0.1346555256843566,0.8653444743156433,0.9272843611240388,0.6831131732463837,0.9625799560546876,0.1360216763615608,0.8639761191606522,0.926382972896099,0.6776980519294739,0.9600224494934082
623,AAAAAAAAAAAAAAAAACC7AEADS2AAFK66OITMARQ_192,4,2,2,3345.4927943619987,15,0.179832420349121,0.8201675796508789,0.9007085585594177,0.636504760980606,0.9517704010009764,0.1742522129416465,0.825746785402298,0.9041517275571824,0.636191782951355,0.9517000579833984
629,AAAAAAAAAAAAAAAAAMYPIHKFKUAANPQAF3AAA4Q_192,4,2,2,369.38618708099966,15,0.1294506883621216,0.8705493116378784,0.9304660940170288,0.6851201224327087,0.9613198089599608,0.1216843727231025,0.8783138102293014,0.9349965244531632,0.6905278259515762,0.9647737312316894
636,AAAAAAAAAAAAAAAAAAAC6NC5HQHGZCQAFAIACUA_192,4,2,2,89.37193814500642,15,0.1818656039237976,0.8181343960762024,0.8996490204334259,0.6853212761878967,0.9590199279785157,0.1902051129937172,0.8097665819525719,0.8944890576601029,0.6811076071858406,0.9553459739685058
647,4FIR6BTBQKYKHAAYGDBBAXPQQQAALN7DR2BRQQI_192,4,2,4,411.9041559819889,15,0.1553027904033661,0.8446972095966339,0.9150384962558746,0.6726536655426025,0.9568562316894532,0.1562342965602874,0.8437588822841644,0.9144106009602546,0.6713778352737427,0.955937728881836
649,AAAAAAAAAABKHCWIGHL7JUABIYAB3GXIB6PPD4I_192,4,2,3,447.3017882089917,15,0.8054047560691834,0.1945952439308166,0.3250925600528717,0.1664168071746826,0.3556954193115234,0.8038613680005073,0.1961452603340149,0.3274936708807945,0.1676357746124267,0.3564800453186035
650,AAAAAAAAAABCTMG2EAAPYMIISEAAEJ7GMKQAB5Y_192,4,2,3,230.92367705599463,15,0.1544509434700012,0.8455490565299988,0.9156602871418,0.6645873284339905,0.9570314025878908,0.149457524716854,0.850541799068451,0.9186373311281204,0.666635374724865,0.9579074668884278
651,AAAAAAAAAAAAAAAAAAABBMABSIAAHGQANLRMGUY_192,4,2,2,158.242753945,15,0.218680362701416,0.781319637298584,0.8762819516658783,0.6355061912536621,0.9437127685546876,0.2117628839612007,0.7882348343729972,0.8809055662155152,0.6373917225003243,0.9421433639526368
652,AAAAAAAAAAAAAAAAAFAWDV6QK2HCYY43GCAAHBQ_192,4,2,2,344.1585428899998,15,0.1591892981529236,0.8408107018470764,0.912811187505722,0.6732776737213135,0.9557168579101564,0.1679042908549309,0.8320190554857254,0.9072224631905556,0.6677639099955559,0.9533493995666504
655,AAAAAAAAAAAAAAAAAAAHAMADBQAANY56N6IACUY_192,4,2,2,246.7160063570045,15,0.7877822709083557,0.2122177290916443,0.3495464551448822,0.199047292470932,0.2052202606201172,0.7957423266768455,0.2042564731836319,0.3385842701792717,0.1929204359650612,0.1974587249755859
660,AAAAAAAAAAAAAAAAAHBSYVATPQAANHQAF32RBFQ_192,4,2,2,227.21848484200007,15,0.7933194851875305,0.2066805148124695,0.3420119035243988,0.2097408163547515,0.1985477447509765,0.7928396955132484,0.2071560385823249,0.3426373040676116,0.2100867533683776,0.1991268539428711
661,AAAAAAAAAAAAAAAAAHGCJPYL3QLJYO6KXKQABQA_192,4,2,2,961.320512353006,15,0.7960968315601349,0.2039031684398651,0.3379397296905517,0.1954092741012573,0.1969525909423828,0.7934598499536514,0.2065446564555168,0.3417743870615959,0.1975707903504371,0.1995256423950195
662,AACG3XHDEADC7G4ZUGBUBMYHYETNQZSIGDAADUQ_192,4,2,4,415.99127266800497,15,0.7939784145355224,0.2060215854644775,0.3410549855232239,0.1934186005592346,0.1991841888427734,0.7942103892564774,0.2057567805051803,0.3407013800740242,0.1932339307665825,0.1989677429199218
666,AAAAAAAABDQPRGDJUAAHDMAATTUM3AQAOGAABBY_192,4,2,3,166.11821781900653,15,0.7930754935741424,0.2069245064258575,0.3423246014118195,0.1714062488079071,0.1990599060058593,0.7491562959551811,0.2508432641625404,0.4002531296014786,0.2158881652355194,0.3769774627685547
671,AAJU2RAQHSYQTHXC4VZRYPJQ7TRGHKQAH2YUG5Q_192,4,2,4,143.68471590599802,15,0.3308932840824127,0.6691067159175873,0.7985597336292267,0.5311211705207824,0.911974639892578,0.3441474106907844,0.6558506163954735,0.7892990836501121,0.5205259108543396,0.9061125373840332
673,YTCX3A7TEAAYV7WCQAAGAEAAYYABQOQAPYAAAUA_192,4,2,4,244.7073727009993,15,0.7961306726932526,0.2038693273067474,0.3380197310447693,0.1921411848068237,0.1969889068603515,0.7936685103178024,0.2063315999507904,0.3414695200324058,0.194094411432743,0.1995165634155273
677,AA4DPUOMXSA2XAA7VELSBPG5CYABZZQAGKDAYXA_192,4,2,4,2952.3138465200027,15,0.2071132957935333,0.7928867042064667,0.8827106106281281,0.6312462913990021,0.9445943450927734,0.2227582600712776,0.7772387880086898,0.873072842657566,0.6240006297826767,0.9410308265686036
679,KMHXYAGVYAAK5IFCQFOB6FTQIB5HQM4JNZIAD4Y_192,4,2,4,107.0014007550053,15,0.4135891234874725,0.5864108765125274,0.7387075173854828,0.5098596668243408,0.8750508117675782,0.4265376392006874,0.5734148687124252,0.7279488453269005,0.5021399119496346,0.8716772079467774
686,PRIUPDHPAAB67AAO4CKOAEAAI64O3CQAP22PB4Q_192,4,2,4,6387.672959402,15,0.7882942640781403,0.2117057359218597,0.3488559865951538,0.1977274250984192,0.2047544860839844,0.7956813955307007,0.2043108308315277,0.3386839544773102,0.1920306047797203,0.1975751686096191
697,AAAAAAAAAAAAAAAAAAAHYXCM3SAAFPQABJYAHAY_192,4,2,2,149.75938081399988,15,0.2258112859725952,0.7741887140274047,0.8705041420459747,0.6528983521461487,0.9406785583496092,0.2198299810290336,0.7801445415616035,0.87505027115345,0.6562330901622773,0.9408249282836914
700,AAAAAAAAAAAAAAAAAAAMZEPQ6OLMXPWGDDQUJNI_192,4,2,2,79.99645618300008,15,0.7898711431026458,0.2101288568973541,0.3467830383777618,0.1841621625423431,0.1997586059570312,0.7909302508831024,0.2090685421228408,0.3451985052227974,0.1833418840169906,0.1988241386413574
703,AAAAAAAAAAAAAAAAACJEDUAAOWJMLMQACCXRATA_192,4,2,2,47.36351809300004,15,0.3648769688606262,0.6351230311393737,0.772187875509262,0.5673810875415802,0.9009127044677734,0.3514847147464752,0.6485873791575432,0.7827561846375466,0.5759814009070396,0.9052735328674316
710,AAAAAAAABS3I54VC4QAPI4ABG4HMICVCXIIAGVI_192,4,2,3,618.7430011639999,15,0.7959028553962707,0.2040971446037292,0.3381870377063751,0.1827698063850402,0.1969538879394531,0.7932069054245949,0.2067961946129798,0.3421203690767288,0.1848767438530922,0.1995253181457519
714,AAAAAAAAAAAAAAAAAAAFDM6BQMAAHCQAFCQAGRA_192,4,2,2,39.079397163000976,15,0.3253506708145142,0.6746493291854858,0.8026852869987487,0.5636817812919617,0.912641372680664,0.3078405207395553,0.6921566414833069,0.8153387907147408,0.5752133977413177,0.9150779342651368
715,AAEBYAHR4ADLR6A6XR2HAF3RKMAAEHQAB6AAB7A_192,4,2,4,274.96592022700133,15,0.2551270878314972,0.7448729121685028,0.8519522953033447,0.6047655487060547,0.9320538330078124,0.2433457526564598,0.7566521883010864,0.8595276647806167,0.6111732730269432,0.9350603485107422
719,AAAAAAAAAADRT6X44WGBL4ABAR5OLASOG6DU3QA_192,4,2,3,1799.432744402,15,0.7962988936901092,0.2037011063098907,0.337886654138565,0.1968946468830108,0.1964463806152343,0.7931585678458214,0.2068591406941413,0.3421167513728141,0.1993443283438682,0.1996521949768066
724,DR4S2QXNN7RK7CSHSBOPJUAA2UFO4DQAHGAADRA_192,4,2,4,632.0060268779998,15,0.2617112064361572,0.7382887935638428,0.8470222878456116,0.6126328051090241,0.930236587524414,0.2604820856451988,0.7395146250724792,0.8483136653900146,0.6139968311786652,0.931238498687744
725,AAAAAAAAAAAAAAAAABGNOEADQ6MAPPQANISVKFY_192,4,2,2,380.8132360610016,15,0.7928784668445588,0.2071215331554413,0.3426648819446564,0.1720659804344177,0.1994391632080078,0.7933546322584152,0.2066414493322372,0.3418891263008117,0.1716782611608505,0.1989039993286132
726,AAAAAAAABAXQHD42AF2424AA2QABUIQAPYQADMA_192,4,2,3,327.661319715,15,0.7954176187515258,0.2045823812484741,0.3389613997936249,0.1758914613723755,0.1970867919921875,0.7929519885778427,0.2070563504099846,0.3424899762868881,0.177737058699131,0.1994920921325683
739,AAAAAAAAAAAAAAAAAMZ6AEABCKVD3AUKROIAC5Y_192,4,2,2,569.2854519200009,15,0.3559198880195617,0.6440801119804382,0.7799217510223388,0.5484009528160095,0.9089165496826171,0.3321880495548248,0.6678090128302574,0.7974960973858833,0.5544128894805909,0.9104194068908692
749,AAAAAAAADQVOB4Q6FUDFCEYHIOAAEZQANGBVBQA_192,4,2,3,816.3643177949998,15,0.2543637824058533,0.7456362175941468,0.8522794795036316,0.55900829911232,0.930939712524414,0.2853626149892807,0.7146368685364723,0.831294735968113,0.5319027012586593,0.9228353881835938
751,AAK4OQHAULTCN4BEEQACC5SZ2OMELLQAFCITHUA_192,4,2,4,308.8308174900012,15,0.3278627240657806,0.6721372759342193,0.802303421497345,0.5231263816356659,0.9110734558105468,0.3380393806099891,0.661959468126297,0.7946407559514046,0.5110025924444198,0.9083656120300292
754,AAAAAAAAAAAAAAAAACZTYUABRQNAQH4D6LAAGUQ_192,4,2,2,342.294930742999,15,0.1575493836402893,0.8424506163597107,0.9136701428890228,0.6846289706230163,0.9577381896972657,0.1618744164705276,0.8382167169451713,0.9112722757458688,0.6823837211728097,0.9555576705932616
759,AAAAAAAAAAAAAAAAAAAFCEADGCAAEB5GDAXBA4Y_192,4,2,2,97.4326742700032,15,0.2984709310531616,0.7015290689468384,0.8215826988220215,0.5286380660533905,0.9208430480957032,0.3146574610471725,0.6853417801856995,0.809574057161808,0.5196919876337052,0.9152067565917968
760,AAAAAAAAAAAAAAAAAAAFBMABG6AAUYQAB3IAGUQ_192,4,2,2,52.59022178899977,15,0.1359292829036712,0.8640707170963288,0.9265204036235808,0.6936309254169464,0.962486572265625,0.1217782571911811,0.8782037508487701,0.9347223708033562,0.7009655049443245,0.9654152297973632
765,AAAAAAAAAAAAAAAAAGLCA4AD2AJLXKQAMLIABBQ_192,4,2,2,196.8401878490004,15,0.1522680819034576,0.8477319180965424,0.916626764535904,0.6331004571914672,0.9563243103027343,0.1378363865613937,0.8621629455685615,0.9253539252281188,0.6498387655615807,0.960155563354492
769,AAAAAAAAAAAAAAAAAAAPYUPQWGAB7FQAOZZVGVI_192,4,2,2,958.2130740580031,15,0.7870768654346466,0.2129231345653534,0.3503506982326507,0.1817467045783996,0.229762954711914,0.7868104135990143,0.2131890422105789,0.3507207524776459,0.1819408711791038,0.2299950790405273
770,AAAAAAAAAADADD45SU3C6MAAKOABVFRCS3IAGVY_192,4,2,3,259.7220623070025,15,0.7807632434368134,0.2192367565631866,0.3590456712245941,0.1842845451831817,0.2356107330322265,0.7882797780632973,0.2117116582393646,0.3487354519963264,0.1789314496517181,0.2285331344604492
772,AAAAAAAAAAAAAAAAAOBCKHQM22FFQLX2NYXU2QY_192,4,2,2,626.9203385910005,15,0.1375419092178344,0.8624580907821655,0.9256322777271272,0.6855828642845154,0.9613491058349608,0.1304159763455391,0.8695557069778442,0.9296221190690994,0.6894400531053543,0.962280216217041
797,EE64YAHFZODILAACVMBV6MKZPSAAXHQAHKW7HFQ_192,4,2,4,412.0835241399982,15,0.792539370059967,0.2074606299400329,0.3429740345478058,0.1721675908565521,0.1996646118164062,0.7934406900405884,0.2065523469448089,0.3416808384656906,0.1715167906880378,0.1988476371765136
811,AAAAAAAAAAAAAAAAAAAN24ABQGXMYCUARLJUH7A_192,4,2,2,116.9068585540008,15,0.1633145594596863,0.8366854405403137,0.9101523065567017,0.671329060792923,0.9551336669921876,0.1692832550406456,0.8307128947973251,0.906482688486576,0.6657216572761535,0.9527946090698244
813,AAAAAAAAAAAAAAAAAAAP25YDKANMEEQABKR7ARQ_192,4,2,2,178.1694504879997,15,0.1690194821357727,0.8309805178642273,0.9072200214862824,0.6309992349147797,0.9531293487548828,0.1862514263391494,0.8137481293082237,0.8964146804809571,0.6211255359649658,0.9486582374572754
814,AAEAZE6UNAB2X2SMAQAP2MPQKD4JRNQADBYADFI_192,4,2,4,109.1432831159982,15,0.1855949473381042,0.8144050526618958,0.8970845615863801,0.6525221240520477,0.9493229675292968,0.184745389521122,0.8152529963850975,0.8971150234341622,0.6501064559817314,0.9494313049316406
820,AAAAAAAAAAAAAAAAANIWDEAAY6FIHZWKDGDRRTA_192,4,2,2,65.60479903700616,15,0.3775817799568176,0.6224182200431824,0.76279718875885,0.5744112706184388,0.8996743011474609,0.37856998950243,0.62139828145504,0.7638784229755402,0.5735016253590584,0.89644437789917
828,AAAAAAAAAAAAAAAAAAADB7O5CIAAUDQAOZIAB4A_192,4,2,2,1044.5100633549955,15,0.185560872554779,0.814439127445221,0.8967721509933472,0.6499870944023133,0.9494677734375,0.172756555378437,0.8272416919469834,0.9046359604597092,0.6569189748167992,0.952585220336914
829,AAAAAAAAAAAAAAAAAMAH6EADLSTCPOQAMLIAC5Y_192,4,2,2,172.37525430200185,15,0.4763349449634552,0.5236650550365448,0.6871702766418457,0.5731940615177155,0.9737006378173828,0.4802621009945869,0.5197366893291473,0.6837326672673225,0.5714890152215958,0.9737933540344238
833,LTHUPE6FUJRQDAAOVAACCPQDXQAAELQAE6K7B5Q_192,4,2,4,753.9119557059967,15,0.7876560997962951,0.2123439002037048,0.349895476102829,0.2428647303581237,0.2675508880615234,0.7737703999876976,0.2262296548485756,0.3683829846978187,0.2103815492987632,0.2826825904846191
841,NS2UPN7PEWV2FAAKAQACKPG4ILTDRFQAPLQAGBA_192,4,2,4,3611.017349292008,15,0.7941949772834778,0.2058050227165222,0.3407044672966003,0.1952135062217712,0.1989793395996093,0.7941380169987678,0.2058706721663475,0.3408343830704689,0.1953154399991035,0.1990189552307129
844,AAHW252UIADSXAAH4AAO6EJRBSZE5AQAECIRXQY_192,4,2,4,267.8642531289952,15,0.7716301512718201,0.2283698487281799,0.3711692678928375,0.1938972020149231,0.3029228210449218,0.768386158645153,0.2316083642840385,0.3752805855870247,0.1961050069332122,0.3056103324890136
845,AAAAAAAAAAAAAAAAAOGCZMAAWRZIFO4GEKAQRHA_192,4,2,2,574.2981459250004,15,0.1245069622993469,0.8754930377006531,0.933322594165802,0.6979674160480499,0.965197296142578,0.1316423034667968,0.8683030316233635,0.929124032855034,0.6943150469660759,0.9623030471801758
846,AAAAAAAAAAAAAAAAAAAMBUQXGEUO4CTC5LJXHUY_192,4,2,2,143.94792833000247,15,0.1509595251083374,0.8490404748916626,0.9175469827651976,0.672231320142746,0.9580361938476564,0.1417463681101799,0.8582523068785668,0.9230615809559822,0.6765435776114463,0.959686279296875
860,AAAAAAAAAAAAAAAAAAAOAXO36R4KLYQANAQAB7A_192,4,2,2,928.1737345739966,15,0.1425331008434295,0.8574668991565705,0.9227717554569244,0.6742142868041993,0.9592053985595704,0.1259881362318992,0.8740106534957885,0.932499877512455,0.6834159627556801,0.963648509979248
866,AAAAAAAAAAAAAAAAAAABDUABA4AARJVYHJBUBMI_192,4,2,2,34.79123694000009,15,0.1705610275268554,0.8294389724731446,0.9060847043991088,0.6707533180713654,0.9528353118896484,0.1723364627361297,0.8276589119434357,0.9048880830407142,0.6698292788863182,0.9528554916381836
867,AAAAAAAAAAAAAAAAAFGHIMLRSPVYQDQANLJVDNY_192,4,2,2,91.9588206340004,15,0.7937896180152894,0.2062103819847107,0.341487044095993,0.1778771388530731,0.2081037902832031,0.7903892725706101,0.2096038842201233,0.345901840031147,0.1802425369620323,0.2113069725036621
873,AAAAAAAAAAAAAAAAAOLROMKJYTUKIYRLEZQAGVI_192,4,2,2,281.6543927130001,15,0.7543824315071106,0.2456175684928894,0.3934513211250305,0.2131101417541503,0.3626575469970703,0.7533588546514511,0.2466367834806442,0.3948283457756043,0.2120074254274368,0.3628514862060547
883,AAE4YAC7EAAQZAA6EQABGMABTQJAVER2M2IADPA_192,4,2,4,184.89694670399967,15,0.1831846582889557,0.8168153417110443,0.8987000262737275,0.6778081703186035,0.9511334991455078,0.1848624116182327,0.8151241239905357,0.8977411490678787,0.6769460862874985,0.9508403778076172
886,AAAAAAAAAAAAAAAAADDOCEADYAABTKRBVJGU6RA_192,4,2,2,537.1458014649997,15,0.1239103126525879,0.8760896873474121,0.933536503314972,0.6459974920749665,0.9623387145996094,0.1263483822345733,0.87365125477314,0.9319904971122742,0.6512581267952919,0.962904815673828
887,AAAAAAAADAJPTAAZ4SATCMADGIQO7JQAO3IABBY_192,4,2,3,299.47703982999974,15,0.1502454030513763,0.8497545969486237,0.9187416231632232,0.7027965235710144,0.9793641662597656,0.1517060893774032,0.8483004921674728,0.9178783670067788,0.7022472587227822,0.979222583770752
896,AAAAAAAAAAAAAAAAAAACKMAB2FQFYDROPGDE7MY_192,4,2,2,305.52090856799987,15,0.791964967250824,0.208035032749176,0.3439874935150147,0.1792159068584442,0.2128751373291015,0.7897733184695244,0.2102227362990379,0.3468165361881256,0.1807254087924957,0.2149588012695312
902,AAAAAAAADAPXTAA2MXZS3F2JCNQIRHQAFZITCQI_192,4,2,3,958.3242947969992,15,0.5514200711250306,0.4485799288749695,0.619035165309906,0.5342931056022644,0.9782310485839844,0.5525351941585541,0.4474645194411277,0.6179600694775581,0.5334481450915337,0.9777575302124024
907,CGOTIADEIAALTAAF4AAH2MADWEYE7EV36YDEGRI_192,4,2,4,317.4994421909996,15,0.3952187597751617,0.6047812402248383,0.7529122912883759,0.5210530519485473,0.8847252655029297,0.4082715311646461,0.5916785013675689,0.7425274586677552,0.5114829108119011,0.8800768852233887
909,AAAAAAAAAAAAAAAAAOBB3PTTAQYHXAQAB3TARBQ_192,4,2,2,674.4115179419999,15,0.1696936750411987,0.8303063249588013,0.9066097331047058,0.662463572025299,0.9521791839599608,0.1614292052388191,0.8385689809918404,0.9116116762161256,0.667676215171814,0.9552397346496582
912,NV4MYQHDEAAIBM4PTAADJ5OA24AAPO4AO3IAHDA_192,4,2,4,840.3416529189999,15,0.7982622873783112,0.2017377126216888,0.3353070437908172,0.1897096300125122,0.1950077056884765,0.793161786198616,0.2068313315510749,0.3421819630265236,0.1936007329821586,0.2000118637084961
913,AAAAAAAAAAAAAAAAAAAM3VCLW2AAHKQAMCAAARY_192,4,2,2,419.6820945879999,15,0.1917465603351593,0.8082534396648406,0.8928752541542053,0.6092362070083618,0.9470795440673828,0.1967311778664588,0.8032679423689842,0.8896669006347656,0.6088343477249145,0.945585823059082
915,AAAAAAAAAAAAAAAAAFIHKMAB2UAB3OQAHAAU7DA_192,4,2,2,165.77914388299996,15,0.1543688297271728,0.8456311702728272,0.9155277347564698,0.6843099248409271,0.957563018798828,0.1736844021081924,0.826303583085537,0.9038784319162368,0.673082255423069,0.9523458862304688
926,FXFQIAHVYABSNAA2MXYVAESQLTVNVZRGC3R53QQ_192,4,2,4,278.876890609,15,0.2463210391998291,0.7536789608001709,0.8572212970256805,0.6176090919971466,0.9349139404296876,0.2634475433826446,0.7365498873591423,0.8458235228061676,0.6077859708666802,0.9296037864685058
929,AAAAAAAAAAAAAAAAAAAHCN2D2IXYZGQACAQAAXA_192,4,2,2,135.8566679660007,15,0.785742906332016,0.214257093667984,0.3521075594425201,0.1805230832099914,0.2309062957763671,0.7870353344082832,0.2129616928100585,0.3505791628360748,0.179711717069149,0.229709243774414
937,AA4FIAGXDADQLAA6BAAFYEADWAABVMQAN2YAHRQ_192,4,2,4,683.25068809,15,0.7219402992725372,0.2780597007274628,0.4347004806995392,0.417182513475418,0.9732880401611328,0.717869921028614,0.2821284139156341,0.4396874392032623,0.4192036199569702,0.9696781730651856
942,AAAAAAAAAABW36E24QAHJ7KDW4AALHX2F6AAATA_192,4,2,3,719.235641534,15,0.7928703165054322,0.2071296834945678,0.3425183284282684,0.1994305789470672,0.2001246643066406,0.7942774242162705,0.2057236644625663,0.3406200024485588,0.1983963197469711,0.1987326240539551
943,AA3TYAGHEABBTYE4CX2UBUADSMPBQDQAN3QAGMA_192,4,2,4,531.5890497109995,15,0.229150424003601,0.7708495759963989,0.8705164301395416,0.6762707829475403,0.979412841796875,0.2315173196792602,0.7684912031888962,0.8690204292535781,0.6755807563662529,0.9798900604248046
944,AAAAAAAAAAAAAAAAAN3RKUABSUPYEFQAGJ3E7MQ_192,4,2,2,128.51108156899863,15,0.1219111156463623,0.8780888843536377,0.934789538383484,0.6964360189437866,0.9654200744628906,0.1185678231716156,0.8814256498217583,0.9367605102062224,0.6973708206415177,0.965231876373291
946,AAAAAAAAAAAAAAAAAMLSBXYE2MAAHYQAMOKTHEI_192,4,2,2,236.3760573420004,15,0.7695246529579163,0.2304753470420837,0.3737374365329742,0.1981230092048645,0.3061598205566406,0.7709823560714721,0.2290137007832527,0.3720061683654785,0.1971795281767845,0.3048010826110839
950,AAAAAAAAAAAAAAAAAAAECMABIOAA5JQABBYAHFY_192,4,2,2,85.66538830600075,15,0.2011548912525177,0.7988451087474823,0.886609091758728,0.6486547982692719,0.9460017395019532,0.2064893642067909,0.7935072317719459,0.8832282087206841,0.6437869951128959,0.9433399391174316
952,AAAAAAAAAAAAAAAAAAAMAMAAOAQMNBQAMCZRXEI_192,4,2,2,105.17238723199988,15,0.1268152332305908,0.8731847667694091,0.9319752764701844,0.6848707008361816,0.9644410705566406,0.1210132160782814,0.8789850443601608,0.9353122887015344,0.6857576432824135,0.9643234062194824
953,AAAAAAAAAAAAAAAAAAAE3NQD7QJA3OXLBKGFWQI_192,4,2,2,235.4736263699997,15,0.7954597520828247,0.2045402479171753,0.3391371023654937,0.1920814144611358,0.1977482604980468,0.7938817039132118,0.2061303567886352,0.3411771407723427,0.193267283141613,0.1993267250061035
956,EU4G3V7NYADODAA6AD26ONYBYE7BQCU3S6AAGXA_192,4,2,4,762.0814968919985,15,0.795633682012558,0.204366317987442,0.3387964117527008,0.1702395975589752,0.1966847991943359,0.7926609176397323,0.2073393303155899,0.3427988094091415,0.1722622439265251,0.1995925903320312
960,AAAAAAAAAAALROU2XQAGJHANQK7BUDQAG3P4TUQ_192,4,2,3,94.63858247399912,15,0.5246479320526123,0.4753520679473877,0.6437275123596191,0.396038988828659,0.7869783020019532,0.5241175270080567,0.4758983618021011,0.6442097243666649,0.396797838807106,0.7871229362487793
964,3RMMIQGTE2ROVGU4M5CPYFQYK4RBVEQAOAYACMY_192,4,2,4,400.9272238340018,15,0.7976537084579468,0.2023462915420532,0.3359378230571747,0.1925529062747955,0.1954734802246093,0.7932300800085068,0.2067669948935508,0.3420878338813782,0.1960373973846435,0.1998954200744629
968,AAAAAAAAAAAAAAAAAPYG256MLQZDXCQAGAWUSAY_192,4,2,2,172.34012945299764,15,0.8006326615810394,0.1993673384189605,0.3319008815288544,0.1789975726604461,0.1923218536376953,0.7919986563920974,0.2079974389076233,0.3437637123465538,0.1854540258646011,0.2006833267211914
972,AA2SKES5IOVXTCMGVAAHA4ADYAQFVP5KGBYADPA_192,4,2,4,119.21792311000172,15,0.7729983079433441,0.2270016920566558,0.369268991947174,0.1922648239135742,0.2783316040039063,0.7772362852096557,0.2227660796046257,0.3637113320827484,0.189316446185112,0.2746798706054687
976,AAAAAAAAAAALTKAP4NJR3UAA2WVNYN5272QABVI_192,4,2,3,96.08761378200144,15,0.6072312533855438,0.3927687466144561,0.5633750903606415,0.3911076295375824,0.6917372894287109,0.6086718794703484,0.3913255912065506,0.5616055712103843,0.3899755743145943,0.6907051467895508
981,AAAAAAAAAAAAAAAAAAACLU2TGQFGJMVABCQADAY_192,4,2,2,73.73181700799978,15,0.2632252478599548,0.7367747521400452,0.8459044504165649,0.6016289663314819,0.9294474792480468,0.2693059825897216,0.7306919252872467,0.8413998305797576,0.5954417395591736,0.9261069679260254
983,3VD4IADUZQNQPE4NUQADOMABYH5MXZQAEA2UH4A_192,4,2,4,101.04840637099916,15,0.4174438226222992,0.5825561773777008,0.7355323302745819,0.5059669589996338,0.8760546875,0.4099359789490699,0.5900316444039345,0.7412141555547714,0.5110067743062973,0.8784261131286621
984,AAYBKTGVYAB6ZAADTHCR6EABYWAB5GQAGZYAHNI_192,4,2,4,127.37589738799944,15,0.4356839346885681,0.5643160653114319,0.7206953310966492,0.4836935198307037,0.8639524078369141,0.4394286075234413,0.5605492570996284,0.7177459609508514,0.4810210055112838,0.8626030349731445
986,AAAAAAAAAAAAAAAAAAAFA7GRQUAAFCXBNCIABFI_192,4,2,2,190.17055764999893,15,0.2867801213264465,0.7132198786735535,0.8300769901275635,0.5994193375110626,0.9236878967285156,0.2601857981085777,0.7397968581318856,0.8483209618926049,0.6149739131331444,0.9289800453186036
993,AAAAAAAAAAAAAAAAAAAC34ABK2AA5AQABGIAHMI_192,4,2,2,61.22756485500213,15,0.3669858133792877,0.6330141866207123,0.7705940330028533,0.5232861030101776,0.897363052368164,0.3842869472503662,0.6157097882032394,0.7573308444023132,0.5172143194079399,0.8950997352600097
995,AAAAAAAAAAAAAAAAAOCXGFKFQUAALGQAB27AB5I_192,4,2,2,191.1434312249985,15,0.145441951751709,0.8545580482482911,0.9211006844043732,0.6808987808227539,0.9592008209228516,0.1421944898366928,0.8577881872653961,0.9231056395173072,0.6811909770965576,0.9599561500549316
998,AAAAAAAAAAAAAAAAAP2CGMWD2Y4CFY6ABKQAAVI_192,4,2,2,333.36062973299704,15,0.7647300171852112,0.2352699828147888,0.3798802888393402,0.1951168370246887,0.3305777740478515,0.7606565055251121,0.2393463346362113,0.3854705280065536,0.1980168750882148,0.334007568359375
1001,AAAAAAAAAAAAAAAAAAAD24ABG4AAHIQANZXALUI_192,4,2,2,138.51001090800128,15,0.1820322382450103,0.8179677617549896,0.898838769197464,0.6649013984203339,0.948448257446289,0.1990821349620819,0.8009096950292587,0.8883200618624687,0.6573862147331238,0.946424617767334
1009,AAAAAAAAAAAAAAAAAAAMGEWJSEAB4JQANYYAGRY_192,4,2,2,268.68554271200264,15,0.1220036816596984,0.8779963183403016,0.9344364547729492,0.6942977845668793,0.9638435363769532,0.1183529499173164,0.8816439890861512,0.9365380904078484,0.6947572928667068,0.964568576812744
1010,AA2FKA2MX6NC7AAD4AANAEABAAAB7BWAW3AACRY_192,4,2,4,239.8349286550001,15,0.3670769476890564,0.6329230523109436,0.7716436350345611,0.542240149974823,0.9086913299560548,0.3680059292912483,0.631991701722145,0.7701054468750954,0.5290201127529144,0.9027547454833984
1,AAAAAAAAAAAAAAAAAAAHCHGVQT4I7EQAFAHBI4Q_192,4,2,2,162.1164661900002,15,0.0900382900238037,0.9099617099761964,0.9526517343521118,0.7138738858699799,0.9724931335449218,,,,,
2,AAAAAAAAAAAAAAAAAAADJ56LYPVY4A4KUZQAARY_192,4,2,2,211.7620737039997,15,0.1108602821826934,0.8891397178173065,0.9410236179828644,0.6905202484130859,0.9662843322753908,,,,,
3,AAAAAAAAAAAAAAAAAAAF2MADYQABTZUZWZQABMA_192,4,2,2,191.91004549599893,15,0.0548261475563049,0.9451738524436952,0.9717797923088074,0.7193923568725586,0.9790430450439452,,,,,
5,L4CSYABB3IIOLOFEDAABBMAAQYAALFXDUBT4H5Y_192,4,2,4,71.27979708699968,15,0.0729322648048401,0.92706773519516,0.962122436761856,0.7202464210987091,0.975760498046875,,,,,
6,AAYQYABNEAB2L3RN4FDUKEABWYABZIQAN6IAHVQ_192,4,2,4,200.3198377280005,15,0.0336989772319793,0.9663010227680208,0.9828572714328766,0.7366835439205169,0.9823860931396484,,,,,
7,AAAAAAAAAABGBAA2HAADK4ABRQAA3BRANDAAHXA_192,4,2,3,93.38848593900002,15,0.0859582459926605,0.9140417540073394,0.9550036728382112,0.7088816130161285,0.9728317260742188,,,,,
8,AAAAAAAAAAAAAAAAAEBBBUADIXRJ4LQAMAKMPEI_192,4,2,2,219.94980056900025,15,0.0848867928981781,0.915113207101822,0.9552820456027984,0.6854811108112335,0.971239776611328,,,,,
9,AAAAAAAABYPQ76H3QEBWA4ADOE3EQMQAELQACBI_192,4,2,3,1260.4020456310009,15,0.0765975415706634,0.9234024584293364,0.9601022231578829,0.7037596118450165,0.9746919250488282,,,,,
10,AAIQIAGFRIJIXAA6V4DOJVSUOAAA7PQAF6J56QQ_192,4,2,4,402.2017491710012,15,0.0272711551189422,0.9727288448810576,0.9861738681793212,0.737665559053421,0.9832001495361328,,,,,
11,AAAAAAAADGIWRAAGWAAPKEADZQAAYBVJNDAAGNQ_192,4,2,3,348.66802442399967,15,0.0376206266880035,0.9623793733119964,0.9808168292045594,0.7334680116176605,0.9818058776855468,,,,,
13,AAAAAAAADWPQNAA5TAAHC4ADWAAA5LQAHJKN7BY_192,4,2,3,7697.253380585,15,0.0393725907802581,0.9606274092197418,0.979908537864685,0.7294754493236542,0.9819501495361328,,,,,
14,AAAAAAAAAAAAAAAAAAAH3M6R2UZO5YQAC3AAB5Y_192,4,2,2,41.28934092700001,15,0.0567227089405059,0.943277291059494,0.9707661032676695,0.7258049130439759,0.9781019592285156,,,,,
16,AAAAAAAADCVSB5WNSVZ7IEAD2BTMZOUD4OIADQA_192,4,2,3,2409.8628041310003,15,0.0320984303951263,0.9679015696048736,0.9836791491508484,0.7357289850711822,0.9819524383544922,,,,,
17,OWF4ZQSNMWAQNAALRT2OZ7KBCAXAQCQAG3YADTA_192,4,2,4,100.21884647899788,15,0.0340005040168762,0.9659994959831236,0.9826971006393432,0.7344424188137054,0.9825428009033204,,,,,
18,AAAAAAAAAAAAAAAAAAAOLUABSTRE7C5ZWBIAHEQ_192,4,2,2,806.492299318,15,0.0574260735511779,0.942573926448822,0.9703721404075624,0.7264225220680237,0.9773733520507812,,,,,
20,AAPRPQCELGRAL5XKRQAGZEABQG7MLCQAHZAAA5Q_192,4,2,4,425.6682114519999,15,0.0280392169952392,0.9719607830047609,0.9857777523994444,0.7382478547096253,0.9833777618408204,,,,,
21,AAAAAAAAAAAAAAAAAE3MCEADOJ5CIFQAE2WUPEA_192,4,2,2,531.1188958460002,15,0.0358084666728973,0.9641915333271026,0.98175808429718,0.7318491435050964,0.9820751953125,,,,,
23,AAAAAAAAAAAO3JXFSQAG2MAAYQUEHPQAPD7RBNA_192,4,2,3,103.03357787200002,15,0.0854723107814788,0.9145276892185212,0.9552976930141448,0.7143666589260101,0.9737824249267578,,,,,
24,6CEDIABNXQDIR4UHWT36BFOFYK7MYJQAODQAGNQ_192,4,2,4,518.9561238450001,15,0.0337739288806915,0.9662260711193084,0.9828156280517578,0.7366656517982483,0.9824420928955078,,,,,
25,AAAAAAAAAABSTAAOGAAPZEW7LQRFYIQADIQAB4Q_192,4,2,3,167.44228609500033,15,0.0460356473922729,0.953964352607727,0.9764166271686554,0.7283983290195465,0.980339813232422,,,,,
26,AA4FIABEEABGJAA4DEJPAPOHIDZKYMQAPKQABTA_192,4,2,4,954.5704586490006,15,0.0368255090713501,0.96317449092865,0.9812332201004028,0.7344260036945343,0.9821929168701172,,,,,
27,OSGG3VJAQAD2VAA4XS37ZEAA2YABTG5B6CJVGEA_192,4,2,4,960.6589744739996,15,0.0301448059082031,0.9698551940917968,0.9846925926208496,0.7366623377799988,0.9829377746582032,,,,,
29,AALWYAGVIAA2JGX7VQAGK4ADOWAARZQAHKBE2TA_192,4,2,4,520.4757930710002,15,0.0406751298904418,0.959324870109558,0.9792296636104584,0.7295571172237396,0.9812133026123048,,,,,
30,6COFPAODAAAXR44GQ7DOYVYZ3QAAUB5J5Z7HCQA_192,4,2,4,652.203144133,15,0.05002281665802,0.94997718334198,0.974341118335724,0.7335288202762604,0.9831997680664064,,,,,
32,AAAAAAAAAAAAAAAAAAACJMOA3QXBUZQAMZBUI4I_192,4,2,2,100.2924397480001,15,0.0717679965496063,0.9282320034503936,0.9627448177337646,0.723249294757843,0.9759796142578124,,,,,
34,6CCXIACFYAB2DAA2AQAEDFCJTRVE3CQAMKYABFY_192,4,2,4,231.7931191770004,15,0.0432637381553649,0.956736261844635,0.977881397008896,0.7336319208145141,0.9819279479980468,,,,,
35,FXEVPTD54ADIFLQLUAAFB4WHCEABYZ4K7IIAB5Y_192,4,2,4,348.75369668200074,15,0.0304542481899261,0.969545751810074,0.984532083272934,0.7380974340438843,0.9829898834228517,,,,,
36,AAAAAAAAAAAKFAA3TV3NCVCVSOABVH7OCCQACEQ_192,4,2,3,175.65497797900025,15,0.0331781029701232,0.9668218970298768,0.9831236147880554,0.7352561235427857,0.9826305389404296,,,,,
37,AA74IAHFFGXADAAIM736YEADKEPEFOQABYIAG5Q_192,4,2,4,1995.7621458779977,15,0.0270397233963012,0.9729602766036988,0.98628901720047,0.7360965538024903,0.9833238220214844,,,,,
38,JRGUY47V7GVWHE4MFAAMDEAASHYPRJ6JUJQAG4Q_192,4,2,4,174.12962622900005,15,0.0330686676502227,0.9669313323497772,0.9831816267967224,0.7362750506401062,0.9827162170410156,,,,,
39,AAAAAAAAAAAAAAAAAEBGIPSMKEAARLQAE3CF7QA_192,4,2,2,601.874584914,15,0.0628397095203399,0.93716029047966,0.9675215804576872,0.725313104391098,0.9773117065429688,,,,,
40,AAAAAAAAAABSJAAKUAAOCEAAW6LYNBVBXGJMWHA_192,4,2,3,201.892928406,15,0.0412257480621337,0.9587742519378664,0.9789348268508912,0.7332236576080322,0.9807941436767578,,,,,
41,AAAAAAAABQX63JQNQAAFDMAA6CAAPOSYDBSQH4Y_192,4,2,3,251.667420966,15,0.0613780546188354,0.9386219453811644,0.9683141887187958,0.7241414487361908,0.9775576019287108,,,,,
42,AADWIADAMAAIJAA3QQAM3MAAWWAAZDQAEDYAGMI_192,4,2,4,73.112752452,15,0.0551928639411926,0.9448071360588074,0.9716033029556276,0.7283832406997681,0.9792277526855468,,,,,
44,AAAAAAAAAAASJCB6B7LVD7YHIGABZAUCMBIAARI_192,4,2,3,193.18416783300017,15,0.107727962732315,0.8922720372676849,0.942750186920166,0.6889119374752045,0.9675051879882812,,,,,
45,AAAAAAAADCF2DAAYBOASJUABAUAAJNVCTD74GEQ_192,4,2,3,145.82821663899995,15,0.048782080411911,0.951217919588089,0.9749909329414368,0.7274245226383209,0.9804233551025392,,,,,
46,AAAAAAAAAAAAAAAAABZOZUAAI4ABVZTKFCG4KBY_192,4,2,2,584.1515210710004,15,0.0513724315166473,0.9486275684833526,0.9736198008060456,0.7298273694515228,0.9803233337402344,,,,,
47,AAAAAAAAAABGTPVJQAABKEABOVQBVO5ZGYIAC5I_192,4,2,3,126.18734929399945,15,0.0490723848342895,0.9509276151657104,0.9748297429084778,0.7259296476840973,0.979680404663086,,,,,
49,AAAAAAAAAAAAAAAAAED5YEABYR5KEHQAE27EHHA_192,4,2,2,547.7505524870003,15,0.1052320706844329,0.894767929315567,0.9442950320243836,0.7077017843723297,0.9687586975097656,,,,,
50,AAAAAAAABOLCFN4GHWAV24AA64AAVLQAGLHTHRI_192,4,2,3,134.98185421800008,15,0.0396069073677063,0.9603930926322936,0.9797729301452636,0.7351411008834838,0.981756591796875,,,,,
52,AAAAAAAAAADK7CDIHAANKEABQOABZJUAPIYABHA_192,4,2,3,231.476537433,15,0.0485259008407592,0.9514740991592407,0.975099081993103,0.729500482082367,0.9795439910888672,,,,,
53,AAZUOMAR4AAQ5AAYCN352UABKPQGFIQAFZAAHAA_192,4,2,4,294.16905347400007,15,0.0384590351581573,0.9615409648418428,0.980388811826706,0.7366183197498322,0.9822928619384764,,,,,
54,AAAAAAAAAAAAAAAAANKMJFOVWL4YXNXZT3IACMA_192,4,2,2,327.5101540750002,15,0.032372555732727,0.967627444267273,0.9835387313365936,0.7366277158260346,0.982148666381836,,,,,
55,AAAAAAAAAAAAAAAAAAAC3MAASGTKXKQAOIDBLDA_192,4,2,2,330.4079228589999,15,0.07311563372612,0.92688436627388,0.9619637525081636,0.718632538318634,0.975074234008789,,,,,
56,AAZ46URUMAAOLAA7TAAEBUADZSAAQCQANZQAGVY_192,4,2,4,883.8165227589998,15,0.0465574598312377,0.9534425401687622,0.9761524367332458,0.7310311341285706,0.9804975128173828,,,,,
57,AAAAAAAAAAAAAAAAAPYG352UOOPJVGQACOIAHVY_192,4,2,2,305.422011663999,15,0.0755492413043975,0.9244507586956024,0.9606362450122832,0.7177843809127807,0.9745802307128906,,,,,
58,AANSYADFPGV6FAAYE6IDZUIZYIABQHQAGDG5X5Y_192,4,2,4,102.14774175300045,15,0.039448754787445,0.960551245212555,0.9798681759834288,0.7342866098880768,0.9819190979003908,,,,,
59,AAAAAAAAAAAAAAAAAAAOIEAB6DTMLPQANATQDMI_192,4,2,2,774.1161968600009,15,0.0656493020057678,0.9343506979942322,0.9660028088092804,0.7201734673976898,0.9763410186767578,,,,,
60,AAAAAAAADYZSRCDEQCDPZ4AD6EAB4MQANITMX4I_192,4,2,3,557.3681688500001,15,0.0296091973781585,0.9703908026218414,0.9849693942070008,0.736570919752121,0.983262176513672,,,,,
61,AAAAAAAAAADI5LQYXVD6GEADQ6AALKX34L2AZDA_192,4,2,3,712.6245998459999,15,0.0513625621795654,0.9486374378204344,0.9736225140094756,0.7301523542404175,0.979499969482422,,,,,
62,AAGEPE6Q4AAYR2H7TNIPLFKB2WAALAQABBGFTEY_192,4,2,4,1308.6278274630004,15,0.0401521146297454,0.9598478853702546,0.9795039463043212,0.7293318986892701,0.982084732055664,,,,,
63,AAAAAAAAB2TQXAAHSPBODUAB6AAB7K6KGAJQ7RI_192,4,2,3,697.3819534270006,15,0.0348453056812286,0.9651546943187712,0.9822570145130156,0.7358631598949432,0.9822254180908204,,,,,
64,AAAAAAAAAADWVAAMSMADIMAAQAAAMJWJ5L6QARA_192,4,2,3,277.7726474939991,15,0.0936089372634887,0.9063910627365112,0.9507807540893556,0.707002854347229,0.9712530517578124,,,,,
65,AAAAAAAAB6LDT2VMMQAOIEZQWH7P4F4ICDYRJXA_192,4,2,3,573.625393063001,15,0.042779711484909,0.9572202885150908,0.9781299781799316,0.7343083989620208,0.981701889038086,,,,,
66,AAAAAAAAAAAAAAAAAECHOEADAQJJ3AQAEDQAGMQ_192,4,2,2,216.404539186,15,0.057682579755783,0.9423174202442168,0.9702351534366608,0.7229397451877594,0.9778050994873048,,,,,
67,AAAAAAAAAAAAAAAAAAAEKX2T2IEIICXC7CWRDNI_192,4,2,2,1473.161946271999,15,0.1051515674591064,0.8948484325408935,0.9442726147174836,0.6923498129844665,0.9680865478515625,,,,,
68,2CIWONZMMABIHAAMA5GBZUQDCYRKPMSYBKQAC5Y_192,4,2,4,249.4293097940008,15,0.0366867911815643,0.9633132088184356,0.9812968933582306,0.735895220041275,0.9819196319580078,,,,,
69,AAGB25OFEABCFOCESAAEYX2AYIAAZH6D6OB4LVQ_192,4,2,4,249.4012446530014,15,0.0396945810317993,0.9603054189682008,0.9797411465644836,0.7322624659538269,0.9814888763427736,,,,,
70,AAAAAAAAAAAAAAAAAMJVBUADSWABVN4ARLQADUI_192,4,2,2,363.8885234000009,15,0.0924894535541534,0.9075105464458466,0.951266508102417,0.6951220345497131,0.970599365234375,,,,,
71,AAAAAAAAAABYJGMDSSJRIPWISUAA3HQAG6IADUQ_192,4,2,3,130.2247761380022,15,0.0558242321014404,0.9441757678985596,0.9712649273872376,0.7250362753868103,0.9790104675292968,,,,,
72,AAAAAAAAAAAAAAAAAAAF6F6NIUABQJQAHGDV2RY_192,4,2,2,63.92484198400052,15,0.1022148311138153,0.8977851688861846,0.9459429156780242,0.7025657629966736,0.9689034271240234,,,,,
74,AAKGYADEPA56BAAEEQAHKUADIMEANJSZ7C7QRBA_192,4,2,4,73.7794273239997,15,0.060195552110672,0.939804447889328,0.96894486784935,0.7244410216808319,0.9776296997070312,,,,,
75,AAAAAAAADBTWTHXGWXIE2MAAQOABQNQADDAABUI_192,4,2,3,1512.6949291689998,15,0.0812378561496734,0.9187621438503264,0.9575200700759888,0.7144669175148011,0.9737451934814452,,,,,
76,AAAAAAAABAYKLOUMHNAOKUABOQIF3C6Y5AGBONI_192,4,2,3,357.13480456600155,15,0.0312658250331878,0.968734174966812,0.9841152584552764,0.7371547150611878,0.9832660675048828,,,,,
77,AAAAAAAABQI2RAAF4QAMBMS4ZSAAYDQAG6AADNY_192,4,2,3,49.368360870998,15,0.0665231621265411,0.9334768378734588,0.965536767244339,0.7247658681869507,0.977223892211914,,,,,
79,AAAAAAAAAAAAAAAAAFZWCEAA2A4LTPQAEDGMIUI_192,4,2,2,63.22195606199966,15,0.0424187850952148,0.9575812149047852,0.9783191370964052,0.7319929659366607,0.980846481323242,,,,,
80,AAAAAAAADOVLTKMIAAANYEADGMXHYMTI6AK4CUI_192,4,2,3,484.64768555299815,15,0.0330291426181793,0.9669708573818206,0.983201141357422,0.7328653872013092,0.9824439239501952,,,,,
81,L4IQYABEFSPYJ7TKFQAMGFK564AATMSCDBCACMY_192,4,2,4,536.2928700659977,15,0.0327826058864593,0.9672173941135408,0.983330203294754,0.7363839864730835,0.9828160858154296,,,,,
83,AAAAAAAAAYUIJAAERQAFOMADGIAAEJUZ5KLBPPA_192,4,2,3,159.7070578439998,15,0.0531570053100586,0.9468429946899414,0.9726783514022828,0.7276536965370178,0.9792156219482422,,,,,
89,AAAAAAAAAAAAAAAAACISLUAB654ELIQANIZVSQA_192,4,2,2,182.3182696600016,15,0.1017596936225891,0.8982403063774109,0.9461491823196412,0.7088356566429138,0.9692327880859376,,,,,
91,AAAAAAAAAAAAAAAAAAAOZXGTCZQEQD53E3YACRI_192,4,2,2,556.4873852349992,15,0.0492193090915679,0.950780690908432,0.9747152376174928,0.7234443032741547,0.9793834686279296,,,,,
92,AAAAAAAADRTAFCA5TMZTZU25AYAB4FQAMC7DAVI_192,4,2,3,707.0770699659988,15,0.1132905387878418,0.8867094612121582,0.9397245121002196,0.6784834170341492,0.9663867950439452,,,,,
93,AAAAAAAAAY4QVAAFQTY6BEW326AAMGQADDAAHUY_192,4,2,3,320.9331845929992,15,0.1000967013835907,0.8999032986164093,0.9471401143074036,0.7048200154304505,0.9699288177490234,,,,,
94,AAGWY5CVIOVK7AA5QQAHA7GY2UAA7FQAMJAABNA_192,4,2,4,745.1298711990021,15,0.0530261063575744,0.9469738936424256,0.9727551853656768,0.7264937162399292,0.9793909454345704,,,,,
95,AAYDIAHRQADWFPVKD7C7OMAA6GEPXOVC7IQAARI_192,4,2,4,529.9574215649991,15,0.0453098499774932,0.9546901500225068,0.976807758808136,0.7224124085903167,0.9807029724121094,,,,,
96,AAAAAAAADSI2BAAEXVJ5CPCJPQAAEIQAFB34SEA_192,4,2,3,326.59427670199875,15,0.0624783706665039,0.937521629333496,0.9677127146720886,0.7265642619132996,0.9779547119140624,,,,,
98,AAAAAAAAAABKDP4GSBCXIFWNBSAA3F5GCJYAD4I_192,4,2,3,71.69601187200169,15,0.0355194628238677,0.9644805371761322,0.981908793449402,0.7332290434837341,0.9821971130371092,,,,,
99,AAAAAAAABWNQNAAPVQAEZNGISMABRLQAHYGRGRA_192,4,2,3,66.51124363299823,15,0.0368042945861816,0.9631957054138184,0.981244957447052,0.7352362799644471,0.9820966339111328,,,,,
100,AAAAAAAAAAAAAAAAAMCVOMADIGAB3FWJCBLFGVI_192,4,2,2,264.3866128280024,15,0.0717717266082763,0.9282282733917236,0.9627021324634552,0.7104397463798523,0.9751412963867188,,,,,
101,AA2UIAHMVSQ2LAAG4FCUA7CI66ZCTKQAMGIAC5Y_192,4,2,4,2071.028267724,15,0.0694270300865173,0.9305729699134828,0.9639347183704376,0.7078227543830872,0.9756336212158204,,,,,
103,NR7ROEOAYABQNFV7VAAFBF6ZWSABQG5I4I7AKEA_192,4,2,4,556.1532934099996,15,0.0275915741920471,0.9724084258079528,0.9860071468353272,0.7357629990577698,0.9834127807617188,,,,,
104,AAAAAAAAAAAAAAAAAAAGLUAAQMAAPP6BPKSBGMQ_192,4,2,2,500.5436968449994,15,0.0995870697498321,0.9004129302501679,0.9473951530456542,0.7035282015800476,0.969493408203125,,,,,
105,6APXZEZBL2TGLAA64PD6CX6X3S7N4CUINBCHBMA_192,4,2,4,1092.7041125639998,15,0.0254716718196868,0.9745283281803132,0.9870972573757172,0.7398076736927033,0.9837218475341796,,,,,
108,AAAAAAAAAAAAAAAAAAAOLNQZQIAAYYT36JIAC5Y_192,4,2,2,685.217804879001,15,0.0601791739463806,0.9398208260536194,0.968929340839386,0.7238667237758637,0.9777742004394532,,,,,
109,AAAAAAAAAADDTAAGMQAGONGN7QABYPQACZYACEY_192,4,2,3,129.68245867599944,15,0.0471634662151336,0.9528365337848664,0.9758325457572936,0.732225445508957,0.9805467224121094,,,,,
111,AAAAAAAAAAAAAAAAAMCUZUABGKTMQORJPKYADRY_192,4,2,2,389.1012343720013,15,0.1178721320629119,0.882127867937088,0.9369719552993776,0.6955176782608032,0.9658423614501952,,,,,
112,AAAAAAAADCNJTCSYWAAPZXKX2YABYN6ADDHHBHA_192,4,2,3,486.1800089420012,15,0.0302058184146881,0.969794181585312,0.9846606540679932,0.7344518649578095,0.983083724975586,,,,,
114,AAAAAAAAAAAAAAAAAAAFZMAAXQXCNLQAP3LES5Q_192,4,2,2,309.7841083149997,15,0.0549010360240936,0.9450989639759064,0.9717534899711608,0.7295956945419312,0.9789534759521484,,,,,
115,AAAAAAAAAAA6F2W4UAABJXYMRQHFVE7DEOJNP5A_192,4,2,3,1006.6418915319992,15,0.0489713561534881,0.951028643846512,0.9748810160160064,0.7224891209602355,0.9799954986572266,,,,,
117,AAAAAAAAAAAAAAAAAAACC4ADKHYGVDQAEKQACMY_192,4,2,2,204.357658899,15,0.0814441013336181,0.918555898666382,0.957486810684204,0.7110421097278595,0.9738136291503906,,,,,
118,AAOHYVY5AABWPOA3XTJHYM2AYKAAIMSDNBAAHNQ_192,4,2,4,118.41972923499998,15,0.0541471362113952,0.9458528637886048,0.972161318063736,0.72924929022789,0.9788908386230468,,,,,
120,AANUYACQUQ5Y3OC3RAABAFCVGUAARNQACK25LVI_192,4,2,4,87.22334518500065,15,0.0640317618846893,0.9359682381153108,0.9668988132476808,0.7214220321178436,0.9769940948486328,,,,,
121,AAAAAAAAAAAAAAAAAAAPJ4ABKMIIRJQACJTNOUY_192,4,2,2,216.9418671169988,15,0.0576823198795318,0.942317680120468,0.9702542686462402,0.7252750754356384,0.9786460876464844,,,,,
125,AAAAAAAAAAAAAAAAAAAPJUW36BXLYNSJ4AIAH4Y_192,4,2,2,901.0131661100004,15,0.0467259788513183,0.9532740211486816,0.976047203540802,0.7223228299617768,0.9804661560058594,,,,,
126,AA7UYAHBAADQRAA44QAMIFCTGCAA3EUCRCQAHAY_192,4,2,4,2014.0367338950016,15,0.0375632667541503,0.9624367332458496,0.980844337940216,0.7311599707603454,0.9814222717285156,,,,,
129,DV4HIAB7DYPGTAAGRBBTCMAB6ZTDXGQAC2PVCUY_192,4,2,4,421.1140214400002,15,0.0427148222923278,0.957285177707672,0.9781635057926178,0.7337179934978485,0.9815281677246094,,,,,
130,PU4QLN3HAKBIBIUIRAAPI4AAQQRCXHQAFDIACFI_192,4,2,4,353.5572726049977,15,0.0384687066078186,0.9615312933921814,0.9803821730613708,0.7351073002815247,0.9819461822509764,,,,,
131,AAAAAAAADIVYVAALRMZGYMADGIABRKQACBYAG5I_192,4,2,3,156.52626393399623,15,0.0492970931529998,0.950702906847,0.9747145617008208,0.7301767551898957,0.9803881072998046,,,,,
132,AAAAAAAAAABANAAOMHCC24ADTS3DUOQAPD2QGAI_192,4,2,3,697.4298191759954,15,0.0893380963802337,0.9106619036197664,0.953081865310669,0.7155776536464691,0.972152099609375,,,,,
133,AAAAAAAADC7ODAAPWAAE2UAA2P3G4HQAFDYAB5I_192,4,2,3,382.1262284559998,15,0.0377469933032989,0.962253006696701,0.980754772424698,0.7339841997623444,0.9817601013183592,,,,,
134,AAAAAAAAAADOPAA4RG6MA7OZY3ZHVM5IDJAABBY_192,4,2,3,509.43183509300434,15,0.0367228019237518,0.963277198076248,0.9812867426872254,0.7316697132587433,0.9820809173583984,,,,,
