seed,binary codification,max layers,max convs per layer,layers,training secs,epochs,val_loss,val_iou,val_dice,val_dice crossentropy,val_accuracy,train_loss,train_iou,train_dice,train_dice crossentropy,train_accuracy
0,AAAAAAAAALTCZLS2GNZXAXGFK7VBUC6YPLYADMQ_192,4,2,3,472.2532508000149,6,0.914291869600614,0.085708130399386,0.1518769174814224,0.0818667079011599,0.7764874458312988,0.91001523869733,0.0899847040573755,0.1576903045177459,0.0851435503611962,0.7786543130874634
1,AAAAAAAAAAAAAAAAAAAHCHGVQT4I7EQAFAHBI4Q_192,4,2,2,1367.4920302000246,46,0.4877816925446192,0.5122183074553808,0.658540353178978,0.5501215934753418,0.9594263712565104,0.4929231350620587,0.5070620534320672,0.6537346015373866,0.5485100285460551,0.9600017786026
2,AAAAAAAAAAAAAAAAAAADJ56LYPVY4A4KUZQAARY_192,4,2,2,634.3735241999966,17,0.6698144808411598,0.3301855191588402,0.4762124250332514,0.4186724339922269,0.945331637064616,0.618256305406491,0.3817426647990942,0.5308874748647213,0.4320784661918878,0.9443017959594726
3,AAAAAAAAAAAAAAAAAAAF2MADYQABTZUZWZQABMA_192,4,2,2,1284.6017440999858,38,0.4129091670115788,0.5870908329884211,0.7249554639061292,0.5743583053350448,0.9685235659281412,0.4181408070027828,0.5818581347664197,0.7156573913991451,0.5673241703460614,0.9652888456980389
4,AAAAAAAAAAAAAAAAAD24A4AALQABXPSDGDAADVY_192,4,2,2,205.95497209997848,8,0.9442994460463524,0.0557005539536476,0.1037054379781087,0.1168910384178161,0.0506404558817545,0.9433588511000076,0.0566411408285299,0.1053409989923238,0.1186256820956866,0.0517304340998331
5,L4CSYABB3IIOLOFEDAABBMAAQYAALFXDUBT4H5Y_192,4,2,4,845.31350009999,49,0.4617897401253382,0.5382102598746618,0.6742706442872684,0.5667470271388689,0.9683624903361002,0.4105744427690903,0.5894493125379086,0.7198056799670061,0.5891087956726551,0.9673626025517782
6,AAYQYABNEAB2L3RN4FDUKEABWYABZIQAN6IAHVQ_192,4,2,4,1721.1517423999612,51,0.264330606162548,0.7356693938374519,0.837426254649957,0.6568771695097287,0.9809477806091308,0.1424726621558268,0.8574878634264071,0.9203110395620266,0.7046225474526485,0.9865373214085896
7,AAAAAAAAAABGBAA2HAADK4ABRQAA3BRANDAAHXA_192,4,2,3,432.66250870004296,23,0.6247376749912897,0.3752623250087102,0.5233312860131264,0.4471485073367754,0.9205078125,0.5736511406799157,0.426340922464927,0.5724359051634867,0.4865383584052324,0.9468795458475748
8,AAAAAAAAAAAAAAAAAEBBBUADIXRJ4LQAMAKMPEI_192,4,2,2,925.1416600999656,25,0.7587004070480664,0.2412995929519335,0.3580308198928833,0.3613573933641116,0.9506335258483888,0.563899427652359,0.4360994839419921,0.5836757407834132,0.4827451975395282,0.9501667499542236
9,AAAAAAAABYPQ76H3QEBWA4ADOE3EQMQAELQACBI_192,4,2,3,6358.48119729996,33,0.5655417193969091,0.4344582806030909,0.5699378445744514,0.4445694754521052,0.9566837946573892,0.5158645657201608,0.4841350066165129,0.6307414780060451,0.4889477814237277,0.9569081624348958
10,AAIQIAGFRIJIXAA6V4DOJVSUOAAA7PQAF6J56QQ_192,4,2,4,3150.46698649996,49,0.2359283218781153,0.7640716781218847,0.8574473286668459,0.6626746366421382,0.9815560976664224,0.2000702677915493,0.7999275346597036,0.8840124799559513,0.679372417802612,0.9832088073094686
11,AAAAAAAADGIWRAAGWAAPKEADZQAAYBVJNDAAGNQ_192,4,2,3,2066.492570100003,39,0.376939490934213,0.623060509065787,0.7486343046029409,0.6048350562651952,0.973212718963623,0.3513642364492019,0.6486060980707407,0.7705887589603663,0.6142282582819462,0.9728955666224162
12,AAAAAAAADW4SBYU6MFDWBMADO4AAHYQADKIAGXA_192,4,2,3,822.0509498000029,8,0.942648591597875,0.057351408402125,0.1061530907948811,0.1468157231807708,0.0530099550882975,0.9443946537872157,0.0556051320085922,0.1035884395241737,0.1461153288682301,0.0511380592981974
13,AAAAAAAADWPQNAA5TAAHC4ADWAAA5LQAHJKN7BY_192,4,2,3,46765.21015589999,39,0.3316027293602625,0.6683972706397374,0.7855830445885659,0.6029766355951627,0.9701910018920898,0.3361144335319598,0.6638839642206827,0.782924051831166,0.6077100150287151,0.9746085246404012
14,AAAAAAAAAAAAAAAAAAAH3M6R2UZO5YQAC3AAB5Y_192,4,2,2,375.6397313000052,34,0.4989776516954104,0.5010223483045896,0.6508474205931027,0.5275449166695277,0.9492188135782876,0.5124801592280467,0.4875153263409932,0.6345564304540555,0.5286181227614483,0.958628265062968
15,AAAAAAAAAAAAAAAAAAANYEABQCAANJXLFBIAD7A_192,4,2,2,337.77254089998314,20,0.63009718755881,0.3699028124411901,0.5125027999281884,0.4141407330830892,0.9353229840596516,0.59650587203602,0.403492925564448,0.5524322443952163,0.450553561002016,0.944716215133667
16,AAAAAAAADCVSB5WNSVZ7IEAD2BTMZOUD4OIADQA_192,4,2,3,23806.7483897,61,0.240181498726209,0.759818501273791,0.8557904586195946,0.6598321363329888,0.9786195755004884,0.2023689736922582,0.7976290976007779,0.8815974969416857,0.6764984509597222,0.9826749642690022
17,OWF4ZQSNMWAQNAALRT2OZ7KBCAXAQCQAG3YADTA_192,4,2,4,909.7291977999994,48,0.3321257675687472,0.6678742324312528,0.7844332158565521,0.6194604987899462,0.975408681233724,0.2623726397752762,0.7376255628963312,0.8395624910791715,0.6527002224077781,0.9794543345769248
18,AAAAAAAAAAAAAAAAAAAOLUABSTRE7C5ZWBIAHEQ_192,4,2,2,4101.6739371,32,0.5578030417362849,0.4421969582637151,0.5911388034621875,0.5072598392764728,0.9403413136800132,0.3913061289737622,0.6086832755555709,0.7413745366036892,0.5958540799717108,0.9675360600153604
19,AA2MYACHA2VKHOCGBQADIMAD6X7HZEQAGJB5AVA_192,4,2,4,1390.235793800006,44,0.3503643905123075,0.6496356094876925,0.7716115529338519,0.6231455246607462,0.97566499710083,0.2847302091618379,0.7152967393398285,0.8229680000493924,0.6516717702150345,0.9791602532068888
20,AAPRPQCELGRAL5XKRQAGZEABQG7MLCQAHZAAA5Q_192,4,2,4,4434.8779842,63,0.2781077379981677,0.7218922620018323,0.8281751642624537,0.6483255833387375,0.979916795094808,0.2084158840278784,0.7915803151826064,0.8764576572924853,0.6764011564354102,0.983184297879537
21,AAAAAAAAAAAAAAAAAE3MCEADOJ5CIFQAE2WUPEA_192,4,2,2,3752.126011499997,45,0.3591259857018788,0.6408740142981212,0.7637634262442589,0.6056557188431422,0.9748847961425782,0.3067228356997172,0.6932752322405576,0.806391824161013,0.6291437048465014,0.9747902552286783
22,AAAAAAAAAAAAAAAAAAAB2EAA64FHXLQAPDIABDA_192,4,2,2,764.0792753999995,18,0.7745917389790217,0.2254082610209783,0.3542695139845212,0.384662060936292,0.9038391749064127,0.7142500994106133,0.2857442027578751,0.4252710492660602,0.423917888601621,0.9279564539591472
23,AAAAAAAAAAAO3JXFSQAG2MAAYQUEHPQAPD7RBNA_192,4,2,3,272.3937745000003,14,0.663518887758255,0.336481112241745,0.4751813088854154,0.4109232783317565,0.9410003980000814,0.6240618678430716,0.3759365235765775,0.5216257964571317,0.4462328317264716,0.9390199422836304
24,6CEDIABNXQDIR4UHWT36BFOFYK7MYJQAODQAGNQ_192,4,2,4,5459.796178900004,67,0.2930915271242459,0.7069084728757541,0.8153771524628003,0.640186587969462,0.9784881591796876,0.2864422208319108,0.7135554348429044,0.8205911469956239,0.6403799238304297,0.9773516178131104
25,AAAAAAAAAABSTAAOGAAPZEW7LQRFYIQADIQAB4Q_192,4,2,3,1504.2916675000015,58,0.298868707815806,0.7011312921841939,0.8119487062096595,0.6361645941932996,0.9763923327128092,0.2683450841655334,0.7316504153112571,0.8365276873111724,0.6511702513943116,0.979471476872762
26,AA4FIABEEABGJAA4DEJPAPOHIDZKYMQAPKQABTA_192,4,2,4,8508.678695900002,59,0.2636391590038935,0.7363608409961064,0.8368748764197032,0.6499651307861011,0.9789390246073404,0.1901847824454307,0.8098137297978004,0.8904623297353585,0.6827785776307186,0.9837279001871744
27,OSGG3VJAQAD2VAA4XS37ZEAA2YABTG5B6CJVGEA_192,4,2,4,8279.295291999995,54,0.2525539830327034,0.7474460169672966,0.8447225799163183,0.6568522691726685,0.9811038653055828,0.1492133423686027,0.8507857014735539,0.9169738343606392,0.6995692046980063,0.9859073082605998
28,AAAAAAAAAAAAAAAAAAANZ4AAWQAAJGQAPBIABRI_192,4,2,2,1595.8682651999989,29,0.6645458519458771,0.3354541480541229,0.4829856519897779,0.4485297441482544,0.9357859929402668,0.6598140022406975,0.3401777271181345,0.4878160624454419,0.449493437136213,0.9386938015619912
29,AALWYAGVIAA2JGX7VQAGK4ADOWAARZQAHKBE2TA_192,4,2,4,5039.928792799998,59,0.3021594340602557,0.6978405659397443,0.8104329655567805,0.6279043098290761,0.9756123860677084,0.2501423113048077,0.7498570695519448,0.8498915651192268,0.6558084901422262,0.9805873235066732
30,6COFPAODAAAXR44GQ7DOYVYZ3QAAUB5J5Z7HCQA_192,4,2,4,3606.1191379999946,35,0.2620298867424329,0.7379701132575671,0.8364580015341441,0.6594692294796308,0.981347624460856,0.1816824824859698,0.8182170038421949,0.8954789734135071,0.6918611938754717,0.9848745425542196
31,AAAAAAAAAAAAAAAAADJ6BUADIMAAIY5JPA3B2EQ_192,4,2,2,1376.4761247999995,16,0.6530380969246229,0.3469619030753771,0.4910326366623243,0.4132325579722722,0.9405821800231934,0.6492543281366427,0.3507446764657895,0.4973419427871704,0.4120684249947468,0.9397542635599772
32,AAAAAAAAAAAAAAAAAAACJMOA3QXBUZQAMZBUI4I_192,4,2,2,848.0492580999999,46,0.4550160765647888,0.5449839234352112,0.6807282318671545,0.5686195666591326,0.9651183446248373,0.4218670758108298,0.5782185070216656,0.7165872383862734,0.5885636574278276,0.9677844842274984
33,AA4G7PBPF6F2ZDVO4AAFJEABI6FZZYUAROAABRY_192,4,2,4,97863.4721232,84,0.422998172044754,0.577001827955246,0.7145357370376587,0.5898907567063968,0.9693997701009116,0.4088885868589083,0.5910749920954307,0.7270021138091882,0.5946330770850181,0.9667440017064411
34,6CCXIACFYAB2DAA2AQAEDFCJTRVE3CQAMKYABFY_192,4,2,4,1295.092988199991,35,0.3921966125567754,0.6078033874432246,0.7265906065702439,0.5896214465300242,0.9720571200052898,0.3163015772898992,0.6836923754463593,0.7993705194443465,0.6306317037592332,0.975229318936666
35,FXEVPTD54ADIFLQLUAAFB4WHCEABYZ4K7IIAB5Y_192,4,2,4,782.2121046000102,13,0.6703313678503037,0.3296686321496963,0.4649520739912987,0.4192051152388255,0.9078173955281575,0.4156309548765421,0.5843446346620719,0.7129046222815911,0.5846994077165921,0.967167353630066
36,AAAAAAAAAAAKFAA3TV3NCVCVSOABVH7OCCQACEQ_192,4,2,3,865.2516026999801,28,0.3683524166544278,0.6316475833455721,0.7592994724710782,0.6028854191303253,0.972532844543457,0.3122145595649878,0.6877833519130945,0.80282397257785,0.627757295841972,0.9755422274271648
37,AA74IAHFFGXADAAIM736YEADKEPEFOQABYIAG5Q_192,4,2,4,16736.468344399997,51,0.2887042154868444,0.7112957845131557,0.8184723829229673,0.6441667452454567,0.9793589274088542,0.2612526416778564,0.7387459110468626,0.8407656293362379,0.6546438056975603,0.9799202044804892
38,JRGUY47V7GVWHE4MFAAMDEAASHYPRJ6JUJQAG4Q_192,4,2,4,1696.3321253999893,55,0.2462476248542467,0.7537523751457532,0.8482391243179639,0.6516801491379738,0.9813785235087076,0.1951240463803212,0.8048709598680337,0.8863790021588405,0.6785250319788854,0.9839789867401124
39,AAAAAAAAAAAAAAAAAEBGIPSMKEAARLQAE3CF7QA_192,4,2,2,6242.5556340000185,62,0.4614997714757919,0.5385002285242081,0.6818238407373428,0.5606919025381406,0.9640679041544596,0.4259396132081747,0.5739705213656028,0.7155864901840687,0.5776879974951347,0.9662307818730672
40,AAAAAAAAAABSJAAKUAAOCEAAW6LYNBVBXGJMWHA_192,4,2,3,1682.1900719999976,48,0.3553709695736567,0.6446290304263432,0.7657334958513577,0.614307376742363,0.972173817952474,0.3877922636767228,0.6121994917591412,0.7403449539095164,0.6001084960997105,0.9704001506169636
41,AAAAAAAABQX63JQNQAAFDMAA6CAAPOSYDBSQH4Y_192,4,2,3,2231.016335599997,49,0.4231488744417826,0.5768511255582174,0.712795938551426,0.5710766250888507,0.9682769775390624,0.4268552588919798,0.5731423589090506,0.708117745940884,0.5675928114602963,0.9668320655822754
42,AADWIADAMAAIJAA3QQAM3MAAWWAAZDQAEDYAGMI_192,4,2,4,600.7514270999818,39,0.4062748218576113,0.5937251781423887,0.726363564034303,0.5807861203948657,0.9671164512634277,0.3346456461896499,0.6653510570526123,0.784311972434322,0.6198697871218125,0.9751220782597859
