Unnamed: 0,seed,binary codification,max layers,max convs per layer,layers,training secs,epochs,val_loss,val_iou,val_dice,val_dice crossentropy,val_accuracy,num_parameters,flops,val_iou_bin,gradnorm,synflow,RN,NTK
267,269,AAAAAAAAAAAAAAAAAAAD3EABLQAAVBQABKARSRI_192,4,2,2,41.45442659989931,15,0.7929148840904235,0.2070851159095764,0.3426249802112579,0.2105903899669647,0.1991863250732422,5832,130564096.0,0,0.035156454890966415,-212252.17675953836,0.0,-440.1138610839844
487,489,AAAAAAAAAAAAAAAAANCRGEORYIAAFMQAGBT7BQQ_192,4,2,2,65.67305759999726,15,0.7448514559864998,0.2551487657427788,0.4056996774673462,0.2134665659070015,0.3908228302001953,2899,174567424.0,0,0.1018669530749321,-382956.2092704773,0.0,13153785.0
598,601,AAAAAAAAAAAAAAAAAAADK4I7HQABRZUZGIAAA4I_192,4,2,2,86.1368626419935,15,0.798130966424942,0.2018690335750579,0.335370647907257,0.1902184689044952,0.1951323699951171,16368,470974464.0,0,0.04275713115930557,-201355.7513064202,0.0,-1773.638671875
533,535,AAAAAAAAAAAAAAAAAE2SBMAATQYIHZWZXJGVZBA_192,4,2,2,48.90214654999727,15,0.7564670395851135,0.2435329604148864,0.3908531153202056,0.2355751323699951,0.3621031188964844,13352,513052672.0,0,0.05306794121861458,-88390.39903897572,0.0,15533679.0
417,419,AAEXIAA7BYBIR6UGXAAHCPYAO37MUFTZDIQABNA_192,4,2,4,101.79445579999992,15,0.7948755177855492,0.2051188099384308,0.3398362708091735,0.1838186448812484,0.197929573059082,266240,614506496.0,0,0.0105351647362113,-374916.09375,0.0,8914463.0
612,615,AAAAAAAAAAAAAAAAADZSL4JRIYQY5FUCBBAACNQ_192,4,2,2,49.17578472099558,15,0.7904332482814789,0.2095667517185211,0.3459453725814819,0.1779008841514587,0.2019179534912109,56717,639877120.0,0,0.28223171830177307,-177.02227783203125,0.0,-30662.064453125
297,299,AAAAAAAAAAALTLQ2EU3WKUAA2EAAIMUBH2QADTA_192,4,2,3,137.40202730009332,15,0.7109089577198029,0.2890910422801971,0.4478059613704681,0.2330110692977905,0.4855263519287109,46770,979696640.0,0,0.4666924476623535,-9082949.313842773,0.0,89511088.0
407,409,FV4FYAGTAABZRAAFUAAFB4KUWOAA5IQAEBSBKFY_192,4,2,4,376.4600335,15,0.7942452728748322,0.2057626530528068,0.3406785407662391,0.1928757840394973,0.1989757347106933,99696,1132838912.0,0,0.03869723528623581,-206856.57392334007,0.0,-1328.24658203125
696,700,AAAAAAAAAAAAAAAAAAAMZEPQ6OLMXPWGDDQUJNI_192,4,2,2,79.99645618300008,15,0.7898711431026458,0.2101288568973541,0.3467830383777618,0.1841621625423431,0.1997586059570312,29937,1148076032.0,0,0.09161272644996643,-313545.248046875,0.0,11784993.0
214,216,AAAAAAAAAAAAAAAAAAAMIM6B3QRIIDRYBOOB3QY_192,4,2,2,77.35798390000127,15,0.7976138126850129,0.2023861873149871,0.3359657561779022,0.1899389719963073,0.1955792236328125,82269,1536491520.0,0,0.059291135519742966,-196521.20861816406,0.0,25786512.0
362,364,AAAAAAAAAAAAAAAAAAAMAEABIMAA4DQABCZADVI_192,4,2,2,48.29305530000056,15,0.1950412830710411,0.8049566781520844,0.8905908158421516,0.6461117690801621,0.946852569580078,4277,118030336.0,1,0.16859006881713867,-4257170.366655078,0.0,-6650.68701171875
409,411,AAAAAAAAAAAAAAAAAAAFBEADCIAANYVYBCQABTA_192,4,2,2,56.12665430000016,15,0.3061876434087753,0.6938117733597755,0.8170574608445168,0.5440732422471046,0.917320442199707,4203,171266048.0,1,0.11943989247083664,-25164670.095015764,0.0,-4112.41015625
699,703,AAAAAAAAAAAAAAAAACJEDUAAOWJMLMQACCXRATA_192,4,2,2,47.36351809300004,15,0.3648769688606262,0.6351230311393737,0.772187875509262,0.5673810875415802,0.9009127044677734,9105,216358912.0,1,0.061251744627952576,-26736.436861127622,0.0,-25.104440689086914
862,866,AAAAAAAAAAAAAAAAAAABDUABA4AARJVYHJBUBMI_192,4,2,2,34.79123694000009,15,0.1705610275268554,0.8294389724731446,0.9060847043991088,0.6707533180713654,0.9528353118896484,12485,307298304.0,1,0.34504255652427673,-7109511.24178946,0.0,-679.0877075195312
977,981,AAAAAAAAAAAAAAAAAAACLU2TGQFGJMVABCQADAY_192,4,2,2,73.73181700799978,15,0.2632252478599548,0.7367747521400452,0.8459044504165649,0.6016289663314819,0.9294474792480468,7856,484311040.0,1,0.08560295403003693,-3778423.0551376343,0.0,-55.11336135864258
301,303,AAAAAAAAAAAAAAAAAAAGDESTYYJMHKRBFBYADPA_192,4,2,2,132.7284594999801,15,0.1976675224304199,0.80233247756958,0.8885371279716492,0.5968523490428924,0.9468328857421876,10332,663236608.0,1,0.7340591549873352,-299868895723588.0,0.0,-260.64501953125
816,820,AAAAAAAAAAAAAAAAANIWDEAAY6FIHZWKDGDRRTA_192,4,2,2,65.60479903700616,15,0.3775817799568176,0.6224182200431824,0.76279718875885,0.5744112706184388,0.8996743011474609,10201,664657920.0,1,0.09281252324581146,-280655.6434440086,0.0,-7878.671875
87,88,AAAAAAAAAABIBAALUAACZVCUSOEFQFQABGCNOMI_192,4,2,3,56.64777181699901,15,0.161022367477417,0.8389776325225831,0.9119320666790008,0.6780227959156037,0.9565702056884766,488684,1073209344.0,1,0.18456007540225983,-139458343.1513672,0.0,-97.02312469482422
544,547,AAAAAAAAAAAAAAAAAAAHKEABDSNA4NQAH2AAD4I_192,4,2,2,56.96690050799225,15,0.1665310060977936,0.8334689939022064,0.9089818096160888,0.6928063344955444,0.9640117645263672,29391,1161166848.0,1,0.034068163484334946,-214626.39553722745,0.0,-34.574764251708984
142,143,AAAAAAAAAAAAAAAAAAABB4AA6UAAPNTKEY6BLQQ_192,4,2,2,50.38969956099754,15,0.191671587228775,0.808328412771225,0.8923104250431061,0.6628231239318848,0.9468839263916016,26553,1365434368.0,1,0.3426671326160431,-204694.56046226202,0.0,-87.64777374267578
325,327,AAAAAAAAAAAAAAAAAFZSCEAAYMAAEGQAGLDNLMA_192,4,2,2,41.32500790001359,15,0.1002516889572143,0.8997483110427856,0.947007794380188,0.7037297511100769,0.969011688232422,5644,215515136.0,2,0.04361977428197861,-465976.2965629967,0.0,-1946.7603759765625
237,239,AAAAAAAAAAAAAAAAAAACI4KUO2ABUZQADBI5ONA_192,4,2,2,73.49032279988751,15,0.1124905180931091,0.8875094819068908,0.940159637928009,0.6986320531368255,0.9663138580322266,45464,649986048.0,2,0.029805703088641167,-15517.705600902438,0.0,-16.25096893310547
72,72,AAAAAAAAAAAAAAAAAAAF6F6NIUABQJQAHGDV2RY_192,4,2,2,63.92484198400052,15,0.1022148311138153,0.8977851688861846,0.9459429156780242,0.7025657629966736,0.9689034271240234,38881,938393600.0,2,0.5064756870269775,-758281.5127729401,0.0,-112.86125946044922
899,903,AAAAAAAAAAAAAAAAAAAHJUABSVTOMPXIHCTB3HA_192,4,2,2,36.09550223199949,15,0.1130847740173339,0.886915225982666,0.939862551689148,0.6993007242679596,0.9661402893066406,56959,1061457920.0,2,0.23767441511154175,-233336.69805772603,0.0,-34.049373626708984
827,831,AAAAAAAAAAAAAAAAAEZRBMADQCAB5YQABYZVQVQ_192,4,2,2,241.81051755200315,15,0.1114879691600799,0.88851203083992,0.940753172636032,0.6582971608638764,0.9659245300292968,39429,1188175872.0,2,4.364891529083252,-193.18954688991653,0.0,12467727.0
15,15,AAAAAAAAAAAAAAAAAAANYEABQCAANJXLFBIAD7A_192,4,2,2,92.51169774799928,15,0.1371870970726013,0.8628129029273987,0.9260602259635924,0.6758395183086395,0.9614439392089844,32319,1727729664.0,2,0.34369388222694397,-0.32916495791391753,0.0,59828812.0
991,995,AAAAAAAAAAAAAAAAAOCXGFKFQUAALGQAB27AB5I_192,4,2,2,191.1434312249985,15,0.145441951751709,0.8545580482482911,0.9211006844043732,0.6808987808227539,0.9592008209228516,83377,1869725696.0,2,0.05164914205670357,-1391442.7453874126,0.0,-46.937713623046875
438,440,AAAAAAAAAAAAAAAAAAAHJEABQ6AA3KQADJJEG5Y_192,4,2,2,39.72728149999966,15,0.1053000000119209,0.8946456751227378,0.9441732025146484,0.7095435583591461,0.968833827972412,164204,2395537408.0,2,0.2327064424753189,-1213339.9793142676,0.0,-884.1552124023438
692,696,AAAAAAAAAAAAAAAAAAAM2MAB2PUCPLQABIQABVI_192,4,2,2,114.090323131,15,0.1155627250671386,0.8844372749328613,0.9382886624336244,0.6937127602100372,0.965482177734375,75053,2652004352.0,2,0.5172565579414368,-2583096.6880023973,0.0,-332.05438232421875
365,367,AAAAAAAAAAAAAAAAABJB3PGAID5MZGQAHIQAB4A_192,4,2,2,99.73408509999716,15,0.1124961665272712,0.8875022807717323,0.9400496572256088,0.6933872318267822,0.9665070915222168,73687,2688466944.0,2,0.0796506404876709,-0.30731865705350003,0.0,96126352.0
179,181,AACXYADUUAAYDAAOWVLGCM6VQMAAYJTLULIABBI_192,4,2,4,65.42595718300436,15,0.0762786662578582,0.9237213337421416,0.9602916061878204,0.7174475383758545,0.9747904205322264,25305,229550080.0,3,0.6823572516441345,-561713.4203853272,0.0,-92.01180267333984
373,375,AAAAAAAAAAAAAAAAAG2SJUWVGOAAMIXITJA4ZFI_192,4,2,2,59.12828620000073,15,0.0926542395353317,0.907339010834694,0.9511735978722572,0.7071196585893631,0.970561866760254,9203,553164800.0,3,0.6885287165641785,-12424882.968902588,0.0,-328.6531066894531
542,545,AAAAAAAAAAAAAAAAAAAGI5LQYJTCJCUDBBWALEY_192,4,2,2,51.72677487999317,15,0.0767656123638153,0.9232343876361848,0.95997709274292,0.7168907582759857,0.974348373413086,42477,618528768.0,3,0.05402917042374611,-29374.978138172417,0.0,-476.3700866699219
225,227,AAAAAAAAA2JCBAAOCBDVJHYYKQAAJAW3TDYAGRQ_192,4,2,3,87.74870839994401,15,0.0951764214038848,0.9048235785961152,0.949883496761322,0.7040825450420379,0.9698284149169922,169732,889094144.0,3,0.08474743366241455,-548113.372374516,0.0,-3000.960205078125
965,969,AAAAAAAAAABYXAANVHD42FSIKQAA4PQABY6ATBA_192,4,2,3,45.2958951010005,15,0.077068030834198,0.922931969165802,0.9598520243167876,0.7178731393814087,0.97423095703125,58609,894058496.0,3,0.20314696431159973,-3310153.5956426077,0.0,-25.888385772705078
383,385,AAAAAAAAAAAAAAAAAE3BJFONWUAA3GXBT3B4JVA_192,4,2,2,64.27989750000415,15,0.0941800820827484,0.905803080201149,0.950370469391346,0.7079923093318939,0.970814609527588,15294,926433280.0,3,0.057921767234802246,-144341.74931043386,0.0,-42.204627990722656
1003,1007,AAAAAAAAAAAAAAAAAAAHZUADIL4AQFQADYLQC5Y_192,4,2,2,77.60797021499457,15,0.0816790175437927,0.9183209824562072,0.9573319268226624,0.7042311382293701,0.9731575775146484,69360,1318191104.0,3,0.21868911385536194,-7923842.45259868,0.0,-315.7995300292969
302,304,AAAAAAAAAAAAAAAAAAAE2EABWYAAFMQAHJ7UT5A_192,4,2,2,78.34835249997559,15,0.086734299659729,0.913265700340271,0.9545148611068726,0.7103616929054261,0.9712828063964845,222700,1517355008.0,3,0.5581179261207581,-166680.00440835953,0.0,-203.88381958007812
5,5,L4CSYABB3IIOLOFEDAABBMAAQYAALFXDUBT4H5Y_192,4,2,4,71.27979708699968,15,0.0729322648048401,0.92706773519516,0.962122436761856,0.7202464210987091,0.975760498046875,1293931,1533212672.0,3,0.058512136340141296,-97556.16476666684,0.0,-16425.751953125
376,378,AAAAAAAAAAAAAAAAAE2C2EIJIQ5PTJQAG6IABUY_192,4,2,2,103.24338119999447,15,0.0745056536793708,0.9254880180954932,0.9611975753307342,0.7178986358642578,0.9747725677490234,92191,2073444352.0,3,0.0667499229311943,-730121.7798131044,0.0,-24.198925018310547
77,77,AAAAAAAABQI2RAAF4QAMBMS4ZSAAYDQAG6AADNY_192,4,2,3,49.368360870998,15,0.0665231621265411,0.9334768378734588,0.965536767244339,0.7247658681869507,0.977223892211914,10634,143347712.0,4,0.05598840489983559,-11515364.911255836,0.0,-1755.4061279296875
413,415,AAAAAAAAAABYLAAHQAADYMQNYWAARLQAFKAAD4A_192,4,2,3,33.91378950000035,15,0.0638977363705635,0.9361005052924156,0.9669642075896264,0.7227213990688324,0.9773290252685548,37747,233840640.0,4,0.34351974725723267,-28648966145.36949,0.0,89847632.0
682,685,AAAAAAAAAABQZAAEGDJ4DUABYMJK7CQAGBIAGHA_192,4,2,3,49.49102043300809,15,0.059174313545227,0.9408256864547728,0.9694897019863128,0.7247359478473663,0.9785828399658204,60979,281213952.0,4,0.1924668699502945,-278973927.0333343,0.0,-1358.9017333984375
857,861,AAAAAAAADQAQTAAGFM3HZ4AA6AAAVLR3SK7ACQA_192,4,2,3,147.55417880199093,15,0.0682530963420867,0.9317469036579132,0.9645218694210052,0.7232556796073913,0.9770787048339844,151712,1908211712.0,4,0.04482678696513176,-5.978166353692355e+17,0.0,-134.37667846679688
801,805,AAAAAAAAAAA63AAYXTKM3VGJQ4AAZFVDFZQAGBI_192,4,2,3,59.74644622499909,15,0.0604281437397003,0.9395718562602996,0.968821737766266,0.7245791244506836,0.977505874633789,176795,1977327616.0,4,0.43278253078460693,-14522753.909363747,0.0,-5902.02734375
245,247,AAAAAAAAAKQO5AAIDQAP2UABYGABQD42RDXFIUA_192,4,2,3,117.4503820000682,15,0.0620739984512329,0.937926001548767,0.9679376542568208,0.7220237922668457,0.977087631225586,1285587,1983090688.0,4,0.49314701557159424,-9613144.804838767,0.0,-1714.1202392578125
718,722,AAE43RTPAAB2HAACH6BBBEADI4HKULX2GYTUYVQ_192,4,2,4,53.51306349200058,15,0.0671429729461669,0.932857027053833,0.965223661661148,0.7249012887477875,0.9773450469970704,167592,2495674368.0,4,0.046352602541446686,-234670.4944422147,0.0,-2303.40576171875
760,764,AAG46Q3Q467Q3AAGBC3CK4AAYDQIMO4Y4OIAH4Y_192,4,2,4,157.80637659499916,15,0.0652473878860473,0.9347526121139528,0.9662641203403473,0.7228832268714904,0.9776693725585938,1673224,2601233408.0,4,0.208862766623497,-2690712.9106594454,0.0,-202.74607849121094
498,500,AAAAAAAAB6VQ5AACHRD43ESFTSVHUBQAMJZPGHA_192,4,2,3,72.33398268699239,15,0.0635644423961639,0.936435557603836,0.9671185350418092,0.7266468846797943,0.9782137298583984,523592,2687510528.0,4,0.036639705300331116,-124380.76713672938,0.0,-2000.7796630859375
943,947,AAAAAAAAAAAAAAAAAFYSL4AB2MAAULTZEBO5TVA_192,4,2,2,43.7005962839994,15,0.0616633689403533,0.9383366310596466,0.9681418120861054,0.7231738889217376,0.9775469970703125,274939,2971467776.0,4,0.15414252877235413,-2149612.574555725,0.0,-333.36785888671875
14,14,AAAAAAAAAAAAAAAAAAAH3M6R2UZO5YQAC3AAB5Y_192,4,2,2,41.28934092700001,15,0.0567227089405059,0.943277291059494,0.9707661032676695,0.7258049130439759,0.9781019592285156,5287,172244992.0,5,0.1000356376171112,-519453.33837246895,0.0,-2812.653076171875
358,360,AAAAAAAAAAAAAAAAAGYWZUAAYGLLRGVJFI3TBPA_192,4,2,2,61.08935149999888,15,0.0540363550186157,0.9459574782848358,0.9721867671608924,0.726678859591484,0.978884506225586,60763,1168285696.0,5,0.12708459794521332,-152724.68212650344,0.0,-1042.4525146484375
604,607,AAGHIABMQADARPRGSQAB3EYASBXGXLU2H2QADVQ_192,4,2,4,70.97120756799995,15,0.0489255619049072,0.9510744380950928,0.9749107158184052,0.729816870689392,0.9804896545410156,326828,1177657344.0,5,0.043610479682683945,-88968964383680.17,0.0,-46.03523635864258
433,435,AAAAAAAAAAAAAAAAAHCF6EAA6YPK3Y4IDCOQLUI_192,4,2,2,57.15767649999907,15,0.0545452496409416,0.9454533275961876,0.9719260638952256,0.7258946114778518,0.978896026611328,74475,1389805568.0,5,0.061698127537965775,-41290.91792654991,0.0,-140.70635986328125
175,177,AAAAAAAAAAAAAAAAAEZEC5YE66TCPFS2TBS52UA_192,4,2,2,76.21401190200413,15,0.0483808410167694,0.9516191589832306,0.975199031829834,0.7328062391281128,0.980858383178711,135346,2643468288.0,5,0.049257345497608185,-64984.31984549761,0.0,-1949.1654052734375
3,3,AAAAAAAAAAAAAAAAAAAF2MADYQABTZUZWZQABMA_192,4,2,2,191.91004549599893,15,0.0548261475563049,0.9451738524436952,0.9717797923088074,0.7193923568725586,0.9790430450439452,143985,2684928000.0,5,0.2240062952041626,-12915020.149116516,0.0,-269.9584655761719
831,835,AAKHOFJ5QABA5F4GSQAFBEABWGNOUYQAPBYACRA_192,4,2,4,77.00797118400078,15,0.0481071376800537,0.9518928623199464,0.9753292894363405,0.7290147352218628,0.9794779205322266,632919,3196378112.0,5,0.675507664680481,-1.265659801229722e+18,0.0,-5.186981678009033
790,794,AAAAAAAAAADI3IADSAAGGNOMK4AA7J4GMJYABQQ_192,4,2,3,84.8199900230029,15,0.0517370462417602,0.9482629537582398,0.973419544696808,0.7271260821819305,0.9796273040771484,327620,3673001984.0,5,0.030888628214597702,-81103.37944097165,0.0,-115.63776397705078
284,286,AAAAAAAAAABOFAAIVQAFIUABTQAAFAQAB2YAH5A_192,4,2,3,73.81938400003128,15,0.050866641998291,0.949133358001709,0.9738672602176668,0.7285903441905975,0.979474868774414,578633,3899445248.0,5,0.32823118567466736,-2051990.9356708024,0.0,-79.8197021484375
71,71,AAAAAAAAAABYJGMDSSJRIPWISUAA3HQAG6IADUQ_192,4,2,3,130.2247761380022,15,0.0558242321014404,0.9441757678985596,0.9712649273872376,0.7250362753868103,0.9790104675292968,251034,4075233280.0,5,0.10669457167387009,-9938.967035962269,0.0,-366.9427185058594
460,462,AAJTYABRQINCLDRMAVKXDEQYO2YMZBSJSAXRDNY_192,4,2,4,57.31900219999807,15,0.0475066235661506,0.9524924266338348,0.9756499090790748,0.7282104760408401,0.9804254722595216,136490,501786624.0,6,0.0667777955532074,-92920.52211354561,0.0,-3001.547607421875
607,610,AAAAAAAAB25I7AAECQAHA5IYIUUBTEQADZQACEI_192,4,2,3,56.06268439900305,15,0.0433203661441803,0.9566796338558196,0.9778527057170868,0.7316018187999725,0.9817357635498049,198981,678854656.0,6,0.09674111008644104,-26916.926343566913,0.0,-35.96216583251953
508,510,IRGHYAGR4AB3TIGGBAAMZVKBI6AAYOQADLYAGRA_192,4,2,4,78.92765785800293,15,0.0454624533653259,0.954537546634674,0.976728262901306,0.7290128207206726,0.9805052947998046,238173,895262720.0,6,0.296478807926178,-28174995.155425116,0.0,-69120.2421875
259,261,AAAAAAAAAAARRFWIVAAOKUAA2KAALJTGHJRE25Q_192,4,2,3,193.6137791001238,15,0.0438716900348663,0.9561283099651336,0.9775617563724518,0.7312976706027985,0.9812248992919922,172251,1615290368.0,6,0.1075267568230629,-2547910.293887913,0.0,-19.319677352905273
339,341,6ADWYAD5AABKHAAPRBDPKMAB6IZGYOVYRJO5TEY_192,4,2,4,231.70138589999988,15,0.0443967145681381,0.9555866387486458,0.977278831899166,0.7323745727539063,0.9810449409484864,155403,1791651840.0,6,0.07237435132265091,-182699.45711374283,0.0,-47.3814582824707
108,109,AAAAAAAAAADDTAAGMQAGONGN7QABYPQACZYACEY_192,4,2,3,129.68245867599944,15,0.0471634662151336,0.9528365337848664,0.9758325457572936,0.732225445508957,0.9805467224121094,761305,2144665600.0,6,0.034813981503248215,-358167.06405717274,0.0,-229.96841430664062
356,358,AAAAAAAAAAAAAAAAAAAE3EAAIEAAVOQAEZSM3NY_192,4,2,2,53.250475200002256,15,0.0440524840354919,0.955965697169304,0.9774708530306816,0.7319918012619019,0.9811357879638672,117509,2195128320.0,6,0.0561397448182106,-257877.06643807888,0.0,-268.06365966796875
222,224,AAAAAAAAAAAAAAAAAAAMGEAA3Q7EMKWLELGXD4I_192,4,2,2,110.38884939998388,15,0.0455358374118804,0.9544641625881196,0.9766869795322418,0.7326834475994111,0.981217041015625,184503,2636378112.0,6,0.0345526747405529,-348503.6549372544,0.0,-18.64900016784668
794,798,AAAAAAAABAVSRAA2TWLHDUABWCABXIWISDYACRY_192,4,2,3,131.61772317400028,15,0.0461869513988494,0.9538130486011503,0.9763373923301696,0.7289512157440186,0.9805789184570312,171427,2831876096.0,6,0.017777075991034508,-141158904321000.62,0.0,-59.547874450683594
680,683,AAAAAAAAAABYNAA2DVIGCEAA3T7CMZQANCSTC4I_192,4,2,3,109.3926337150042,15,0.0470431351661682,0.9529568648338318,0.9758979439735412,0.7279941689968109,0.9802398681640624,288030,3160314880.0,6,0.20454291999340057,-43697172.98749266,0.0,-146.4022674560547
887,891,PSMEIACVEADABAAMQMAMI5QJGWAAIDQAB6IAC5A_192,4,2,4,48.902331938001225,15,0.0415852332115173,0.9584147667884828,0.9787540686130524,0.7331730580329895,0.9808331298828123,212653,1445587968.0,7,0.4402371942996979,-235229.34337329865,0.0,-37.27435302734375
475,477,CT3VYAA442IYFAAJTW6HZ4ABSNUMVZ4IVIGABEY_192,4,2,4,212.8365425000011,15,0.0402549639344215,0.9596586507558824,0.9794051784276964,0.7348279818892479,0.9818021392822266,177111,1909349376.0,7,0.042692288756370544,-27736.52760075446,0.0,-588751.75
40,40,AAAAAAAAAABSJAAKUAAOCEAAW6LYNBVBXGJMWHA_192,4,2,3,201.892928406,15,0.0412257480621337,0.9587742519378664,0.9789348268508912,0.7332236576080322,0.9807941436767578,259879,2578908160.0,7,0.11331004649400711,-3782898.902557522,0.0,-111.47673034667969
614,617,YXHXYACEQADGVIDKBAAHDEAAYGZB4FQAMJKMJBA_192,4,2,4,117.88769581000088,15,0.039267691373825,0.960732308626175,0.9799677562713623,0.7331902313232422,0.9820913696289062,1496437,3300790272.0,7,0.6984844207763672,-3010382.3362571755,0.0,-150.66175842285156
686,689,AAKE3A2ELCB2B6EIMQAMCMABKCAB4DUYUOBRDRI_192,4,2,4,116.56719596698532,15,0.0381628382205963,0.9618371617794036,0.980535100698471,0.7335536348819732,0.9814632415771484,319615,3611501568.0,7,0.31864047050476074,-1963809020061.0505,0.0,-20.15676498413086
262,264,2MESYAC4MADSLAACQQAHAUADKWAAXMQAFCDDDAA_192,4,2,4,287.713531000074,15,0.0394316148757934,0.9605683851242064,0.9798747193813324,0.734476283788681,0.981640396118164,303277,4434335488.0,7,0.16591611504554749,-3482132.3281514645,0.0,-351.44317626953125
891,895,AAIMYADNHC5PTAAGAQACD4AB2CAAJAX2523RJVY_192,4,2,4,67.9379772379998,15,0.0412296414375305,0.9587703585624696,0.978941819667816,0.7340567207336426,0.981203842163086,446823,4529608704.0,7,0.07924827188253403,-203204.37058496475,0.0,-4.706079483032227
861,865,AAAAAAAAAADGBDU6HQAG25OZQMABXOQAEYOVZDA_192,4,2,3,164.36299845799977,15,0.0400826501846313,0.9599173498153688,0.9795321261882782,0.7317397463321685,0.9807966613769532,1166250,5135068160.0,7,0.0009275392512790859,-55585034.557661004,0.0,-207818.046875
688,692,AAAAAAAAAAAAAAAAAAANOEADAAAA3N4OEIXFTNI_192,4,2,2,179.821505898,15,0.0402839958667755,0.9597160041332244,0.9794308638572692,0.72482834815979,0.981315460205078,449465,5602099200.0,7,0.4797688126564026,-23.710762938851985,0.0,10846160.0
478,480,AAAAAAAADORWZAAMBQAFDUABYOAA7H7YWD7UTBY_192,4,2,3,192.0859141000037,15,0.0391378587484359,0.9608577874302864,0.98002733618021,0.7339495065808296,0.9818195915222168,427001,5955305472.0,7,0.10064902901649475,-406040.67975595593,0.0,-33.03266906738281
345,347,AAAAAAAAB2JSZAAIAQAFJMAAWW7MVIQAMCQACMQ_192,4,2,3,49.07890169999882,15,0.0372952654957771,0.9627039903402328,0.9809894385933876,0.7332635381817818,0.9820639991760254,141399,1137049600.0,8,1.0403687953948975,-1.8467220273205385,0.0,163772272.0
624,627,AAAAAAAAAAAQBAAGTQAFJUAB6Z5I5Z5DG3IAGEA_192,4,2,3,52.96698454300349,15,0.0353072071075439,0.964692792892456,0.9820214128494262,0.7357482242584229,0.9828474426269532,352417,1495216128.0,8,0.07257851958274841,-294444.09882273,0.0,-48.60963821411133
477,479,AAAAAAAAAADINAAEAAAHBXDR6WAAXAQAEAQABHA_192,4,2,3,126.0527790000051,15,0.036530869603157,0.9634675651788712,0.981379904448986,0.7334688797593116,0.9816977882385254,136529,2209491968.0,8,0.21921057999134064,-0.23543435658405265,0.0,-1095716.125
17,17,OWF4ZQSNMWAQNAALRT2OZ7KBCAXAQCQAG3YADTA_192,4,2,4,100.21884647899788,15,0.0340005040168762,0.9659994959831236,0.9826971006393432,0.7344424188137054,0.9825428009033204,1104361,2893868800.0,8,0.17642316222190857,-734233.267456945,0.0,-85.15777587890625
98,99,AAAAAAAABWNQNAAPVQAEZNGISMABRLQAHYGRGRA_192,4,2,3,66.51124363299823,15,0.0368042945861816,0.9631957054138184,0.981244957447052,0.7352362799644471,0.9820966339111328,585751,2910191616.0,8,0.28625646233558655,-326383.8605582528,0.0,-285.8394775390625
97,98,AAAAAAAAAABKDP4GSBCXIFWNBSAA3F5GCJYAD4I_192,4,2,3,71.69601187200169,15,0.0355194628238677,0.9644805371761322,0.981908793449402,0.7332290434837341,0.9821971130371092,69026,3004157952.0,8,0.5887240171432495,-10328.810178538693,0.0,-72.84001159667969
847,851,OVJSYABMEADDRAAMQAAMBFYJSYAAJNS2C3I52MA_192,4,2,4,67.90989411099872,15,0.0345645689964294,0.9654354310035704,0.9824070644378662,0.736214200258255,0.982684326171875,145084,3512773632.0,8,0.23644353449344635,-0.5149290386159322,0.0,-9687043.0
705,709,CBEEYRO4TZRIBZRPSQACYUAAI2AB5BQAM6AAGBY_192,4,2,4,121.90318101899992,15,0.0376271116733551,0.9623728883266448,0.9808188569545746,0.7326126754283905,0.9819886016845704,783458,4188027904.0,8,2.0744454860687256,-11400284.309814453,0.0,-15082.3330078125
577,580,HW4F3QT5UWVKXIMHTXCF2EAB6GAAQFQAMK2NSRI_192,4,2,4,432.9603300849849,15,0.0370146322250366,0.9629853677749634,0.981137399673462,0.7346405279636383,0.9820934295654296,424656,4216553472.0,8,0.5941453576087952,-618173.6834272086,0.0,-85.96421813964844
411,413,EMOMIADVV2HA3KHKEXCODUAA2QUZVHRLP2DVDUQ_192,4,2,4,85.31350910000037,15,0.0371049833297729,0.9628913298249244,0.9810876020789148,0.7348194921016693,0.982092170715332,1259019,5187619840.0,8,1.0094077587127686,-695652.2972056573,0.0,-40.529747009277344
465,467,AAAAAAAABABBROR4BQAGJU2BLRRPTYQAG2QADNI_192,4,2,3,269.4986850999994,15,0.0271349829435348,0.9728645357489586,0.986242549419403,0.7364090603590011,0.9834659576416016,491599,4480774144.0,9,0.2718833386898041,-107577553.57993293,0.0,-33.16637420654297
304,306,AAAAAAAAAAB6LJ4DQHJEGPZR22ABTY5CH3GQBFQ_192,4,2,3,165.41336879998562,15,0.0279729831218719,0.972027016878128,0.9858091139793396,0.7362007105350494,0.9832988739013672,498205,5220577280.0,9,0.040549732744693756,-0.9303722271509676,0.0,8346090.0
635,638,AAZXZ42UDCZ2H34MTQADL4ABWIABVER3SCKEREI_192,4,2,4,124.65330272499703,15,0.0299393129348754,0.9700606870651244,0.9847974658012392,0.7352781224250794,0.9826275634765624,488064,5970788352.0,9,0.3495629131793976,-3.5268784540752596,0.0,8521051.0
489,491,AAAAAAAADHRJTMSKRVCCZEAB3QHM3IXINITA2XA_192,4,2,3,121.16210319999664,15,0.0310080006718635,0.9689853051304818,0.9842420196533204,0.7370217069983482,0.9828149604797364,372908,6524746752.0,9,0.17566463351249695,-3395878.8229777757,0.0,-55.77178955078125
527,529,AANUYACBIAD2NI4KSQACKMABKMAAMB5ZS2IAAVQ_192,4,2,4,130.52013522900234,15,0.0301807463169097,0.9698192536830902,0.9846740198135376,0.7366595304012299,0.9827839660644532,435749,6558545920.0,9,0.419513463973999,-1439861.041492084,0.0,-47.820430755615234
348,350,AAAAAAAAAABG5OEEUFIM6PBRHSAALMVIUBQACMQ_192,4,2,3,110.51014009999926,15,0.0323513171076774,0.9675727680325508,0.9835139733552932,0.7370043158531189,0.9827786827087402,435117,7571521536.0,9,0.2661594748497009,-32165.750727077088,0.0,-30.509357452392578
529,531,AAZX64IUIADYFAAN4AAEKMWZQ2AAXCXZPCH4SBQ_192,4,2,4,198.06479473100623,15,0.0310834741592407,0.9689165258407592,0.9842083716392516,0.7371586835384369,0.9830172729492188,1532417,9101950976.0,9,0.08895742893218994,-246213.15150667581,0.0,-7.791931629180908
295,297,IHGDYABFPC3LRCGM4UC5DMADCO7YLBWKBCIAHBI_192,4,2,4,131.57308520004153,15,0.0326243782043457,0.9673756217956544,0.9834130215644836,0.7371358239650726,0.982566909790039,2908762,9162551296.0,9,0.15075086057186127,-114005.06933412341,0.0,-13.918405532836914
391,393,AAAAAAAAAQXGNAAMBAAM6EABWSAA3JS6MLIAG5A_192,4,2,3,144.6256899999862,15,0.0308566829562187,0.969141631424427,0.9843236970901488,0.7366562309861183,0.9830002975463868,722205,9562066944.0,9,0.3564053177833557,-530639.8537788484,0.0,-14.944554328918457
951,955,YVFUI5HAF6T233RPTAAMDVYB6L4ZRGWL6LYABAI_192,4,2,4,245.3158291549989,15,0.0327533102035522,0.9672466897964478,0.9833419179916382,0.7287651705741882,0.98265869140625,3230506,15910915072.0,9,0.5431866645812988,-36.08239198640899,0.0,1344485.5
